timestamp,session_id,region,device,cdn,bitrate,buffering_time,latency,packet_loss,jitter,playback_failures,crashes,startup_time,resolution,server_load
2024-01-01 00:00:00,session_001,Pune,Android,CDN-A,8.04,0.19,58.51,1.26,6.29,0,0,1.81,1080p,19.87
2024-01-01 00:00:30,session_001,Pune,Android,CDN-A,8.5,0.73,46.19,1.39,20.81,0,0,1.42,1080p,27.03
2024-01-01 00:01:00,session_001,Pune,Android,CDN-A,7.65,0.3,67.01,0.49,15.43,0,0,2.22,1080p,23.3
2024-01-01 00:01:30,session_001,Pune,Android,CDN-A,9.51,0.38,35.78,0.03,21.7,1,0,1.5,1080p,13.4
2024-01-01 00:02:00,session_001,Pune,Android,CDN-A,8.39,0.66,33.02,0.76,18.7,1,1,2.13,480p,25.43
2024-01-01 00:02:30,session_001,Pune,Android,CDN-A,8.03,0.69,18.77,0.38,15.18,0,0,2.9,1080p,13.07
2024-01-01 00:03:00,session_001,Pune,Android,CDN-A,6.45,0.4,47.93,1.01,22.27,2,0,1.72,1080p,26.86
2024-01-01 00:03:30,session_001,Pune,Android,CDN-A,6.78,0.16,28.45,0.95,18.85,2,0,2.1,1080p,25.0
2024-01-01 00:04:00,session_001,Pune,Android,CDN-A,8.17,0.3,38.47,0.33,10.82,2,0,2.01,1080p,23.85
2024-01-01 00:04:30,session_001,Pune,Android,CDN-A,8.33,0.47,37.38,0.54,7.88,0,0,1.4,1080p,23.2
2024-01-01 00:05:00,session_001,Pune,Android,CDN-A,7.5,0.89,38.59,1.12,12.4,2,1,1.8,720p,26.72
2024-01-01 00:05:30,session_001,Pune,Android,CDN-A,8.15,0.57,34.31,0.0,18.43,2,1,2.01,1080p,32.81
2024-01-01 00:06:00,session_001,Pune,Android,CDN-A,6.98,0.55,48.96,1.55,23.01,3,2,1.29,4K,14.88
2024-01-01 00:06:30,session_001,Pune,Android,CDN-A,7.49,0.09,56.43,0.44,9.18,2,2,2.5,1080p,35.97
2024-01-01 00:07:00,session_001,Pune,Android,CDN-A,8.13,0.2,6.62,0.79,13.12,3,1,1.92,4K,28.53
2024-01-01 00:07:30,session_001,Pune,Android,CDN-A,7.67,0.19,14.86,0.26,17.68,5,2,2.59,720p,16.01
2024-01-01 00:08:00,session_001,Pune,Android,CDN-A,7.03,0.28,83.31,0.03,23.03,3,3,2.23,720p,18.75
2024-01-01 00:08:30,session_001,Pune,Android,CDN-A,7.28,0.63,36.81,0.0,10.33,4,3,2.1,1080p,19.05
2024-01-01 00:09:00,session_001,Pune,Android,CDN-A,8.84,0.57,37.6,1.37,20.57,6,2,1.27,480p,9.05
2024-01-01 00:09:30,session_001,Pune,Android,CDN-A,9.18,0.45,38.1,1.62,11.36,4,3,1.76,480p,19.96
2024-01-01 00:00:12,session_002,Mumbai,iOS,CDN-B,7.1,0.05,40.2,0.0,20.73,1,0,0.64,1080p,6.29
2024-01-01 00:00:42,session_002,Mumbai,iOS,CDN-B,8.94,0.5,43.92,1.58,20.76,0,0,2.57,1080p,30.59
2024-01-01 00:01:12,session_002,Mumbai,iOS,CDN-B,8.25,0.64,32.25,0.0,18.9,0,0,2.16,480p,26.2
2024-01-01 00:01:42,session_002,Mumbai,iOS,CDN-B,8.17,0.37,41.46,0.69,14.67,1,0,2.2,1080p,21.48
2024-01-01 00:02:12,session_002,Mumbai,iOS,CDN-B,8.47,0.26,32.91,0.37,18.42,2,0,2.18,4K,23.78
2024-01-01 00:02:42,session_002,Mumbai,iOS,CDN-B,7.01,0.76,43.24,0.63,23.51,2,0,2.04,1080p,13.69
2024-01-01 00:03:12,session_002,Mumbai,iOS,CDN-B,7.62,0.72,38.75,0.44,15.09,1,0,2.09,720p,13.26
2024-01-01 00:03:42,session_002,Mumbai,iOS,CDN-B,7.97,0.63,53.9,1.16,15.48,2,2,1.97,720p,24.42
2024-01-01 00:04:12,session_002,Mumbai,iOS,CDN-B,7.84,0.25,34.45,0.98,28.62,2,0,1.83,4K,25.0
2024-01-01 00:04:42,session_002,Mumbai,iOS,CDN-B,7.23,0.46,52.66,0.78,26.37,4,2,3.06,720p,21.23
2024-01-01 00:05:12,session_002,Mumbai,iOS,CDN-B,9.11,0.98,75.41,1.83,5.51,3,1,1.98,1080p,24.53
2024-01-01 00:05:42,session_002,Mumbai,iOS,CDN-B,7.22,0.63,21.84,0.89,19.35,3,1,1.4,480p,33.07
2024-01-01 00:06:12,session_002,Mumbai,iOS,CDN-B,7.87,0.29,46.24,1.13,19.75,3,0,2.91,4K,19.04
2024-01-01 00:06:42,session_002,Mumbai,iOS,CDN-B,9.2,0.0,39.64,0.73,15.57,3,2,0.81,4K,38.77
2024-01-01 00:07:12,session_002,Mumbai,iOS,CDN-B,8.04,0.23,47.73,1.41,14.64,4,1,0.94,1080p,20.79
2024-01-01 00:07:42,session_002,Mumbai,iOS,CDN-B,7.31,0.18,31.03,0.0,21.42,2,3,2.05,720p,16.97
2024-01-01 00:08:12,session_002,Mumbai,iOS,CDN-B,6.69,0.85,62.04,0.27,29.15,3,2,2.02,1080p,11.13
2024-01-01 00:08:42,session_002,Mumbai,iOS,CDN-B,9.31,0.73,64.78,0.0,17.43,4,1,1.71,1080p,11.05
2024-01-01 00:09:12,session_002,Mumbai,iOS,CDN-B,9.41,0.06,44.47,0.92,19.6,6,2,2.38,720p,30.88
2024-01-01 00:09:42,session_002,Mumbai,iOS,CDN-B,7.63,0.76,33.26,0.9,19.78,5,3,2.65,1080p,16.25
2024-01-01 00:00:24,session_003,Delhi,Web,CDN-C,8.32,0.98,50.32,2.11,16.25,0,0,1.27,1080p,24.95
2024-01-01 00:00:54,session_003,Delhi,Web,CDN-C,7.96,0.96,62.78,1.74,11.37,0,0,2.01,480p,10.25
2024-01-01 00:01:24,session_003,Delhi,Web,CDN-C,7.59,0.2,41.67,1.01,16.84,0,1,2.08,4K,9.86
2024-01-01 00:01:54,session_003,Delhi,Web,CDN-C,7.12,0.52,55.1,0.0,18.37,0,0,1.74,1080p,29.83
2024-01-01 00:02:24,session_003,Delhi,Web,CDN-C,6.91,0.73,109.18,0.0,17.54,1,0,2.29,1080p,9.97
2024-01-01 00:02:54,session_003,Delhi,Web,CDN-C,8.61,0.6,24.98,1.16,16.76,1,0,2.17,1080p,16.66
2024-01-01 00:03:24,session_003,Delhi,Web,CDN-C,7.28,0.56,29.03,0.77,18.73,2,0,3.25,720p,31.55
2024-01-01 00:03:54,session_003,Delhi,Web,CDN-C,7.72,0.5,52.47,0.74,25.11,0,0,2.43,1080p,10.75
2024-01-01 00:04:24,session_003,Delhi,Web,CDN-C,7.81,0.12,59.83,0.41,18.89,1,1,2.46,1080p,36.88
2024-01-01 00:04:54,session_003,Delhi,Web,CDN-C,7.94,0.5,59.9,1.18,25.19,3,0,1.66,480p,29.86
2024-01-01 00:05:24,session_003,Delhi,Web,CDN-C,7.26,0.76,48.22,0.84,16.94,2,1,1.75,1080p,15.04
2024-01-01 00:05:54,session_003,Delhi,Web,CDN-C,7.97,0.8,35.56,0.41,10.0,2,0,1.51,720p,9.38
2024-01-01 00:06:24,session_003,Delhi,Web,CDN-C,6.34,0.7,29.34,1.73,19.31,3,1,3.41,720p,20.5
2024-01-01 00:06:54,session_003,Delhi,Web,CDN-C,8.04,0.09,44.26,0.53,24.8,2,2,2.27,720p,11.59
2024-01-01 00:07:24,session_003,Delhi,Web,CDN-C,7.53,0.52,25.78,0.84,17.54,2,3,1.25,1080p,20.55
2024-01-01 00:07:54,session_003,Delhi,Web,CDN-C,7.27,0.34,30.93,0.01,11.11,2,3,1.51,1080p,22.0
2024-01-01 00:08:24,session_003,Delhi,Web,CDN-C,8.42,0.56,47.69,0.56,24.03,4,2,3.27,1080p,13.92
2024-01-01 00:08:54,session_003,Delhi,Web,CDN-C,8.46,0.48,55.11,1.21,13.06,4,2,2.35,1080p,16.54
2024-01-01 00:09:24,session_003,Delhi,Web,CDN-C,7.83,0.43,22.46,1.52,17.76,4,2,1.81,1080p,26.37
2024-01-01 00:09:54,session_003,Delhi,Web,CDN-C,7.01,1.15,62.42,0.87,18.61,4,4,1.57,480p,24.0
2024-01-01 00:00:36,session_004,Bangalore,SmartTV,CDN-A,7.04,1.15,32.13,1.36,21.07,0,0,2.64,4K,10.64
2024-01-01 00:01:06,session_004,Bangalore,SmartTV,CDN-A,6.84,0.71,31.21,1.49,20.55,1,1,1.99,720p,25.47
2024-01-01 00:01:36,session_004,Bangalore,SmartTV,CDN-A,7.65,0.93,71.15,1.22,19.34,0,1,1.28,720p,16.98
2024-01-01 00:02:06,session_004,Bangalore,SmartTV,CDN-A,7.89,1.12,25.8,0.0,23.89,0,0,1.57,1080p,30.12
2024-01-01 00:02:36,session_004,Bangalore,SmartTV,CDN-A,8.59,0.07,84.14,1.5,22.41,0,1,0.8,720p,22.44
2024-01-01 00:03:06,session_004,Bangalore,SmartTV,CDN-A,8.25,0.16,55.11,1.33,10.6,1,0,1.93,1080p,39.48
2024-01-01 00:03:36,session_004,Bangalore,SmartTV,CDN-A,7.61,1.02,49.85,0.36,20.18,2,1,2.23,4K,9.62
2024-01-01 00:04:06,session_004,Bangalore,SmartTV,CDN-A,8.78,0.89,61.25,1.2,15.16,3,2,1.24,480p,23.32
2024-01-01 00:04:36,session_004,Bangalore,SmartTV,CDN-A,7.79,0.78,35.38,0.26,18.97,0,1,1.47,1080p,28.98
2024-01-01 00:05:06,session_004,Bangalore,SmartTV,CDN-A,7.7,0.72,43.42,0.41,15.87,1,1,2.58,1080p,38.05
2024-01-01 00:05:36,session_004,Bangalore,SmartTV,CDN-A,7.92,0.46,64.73,0.89,16.62,1,2,1.39,1080p,28.29
2024-01-01 00:06:06,session_004,Bangalore,SmartTV,CDN-A,7.39,0.24,34.82,0.0,16.18,1,2,1.99,1080p,24.45
2024-01-01 00:06:36,session_004,Bangalore,SmartTV,CDN-A,6.61,0.61,46.15,0.45,23.17,4,3,1.56,1080p,42.78
2024-01-01 00:07:06,session_004,Bangalore,SmartTV,CDN-A,8.16,0.33,56.0,0.49,19.09,2,2,1.08,720p,26.5
2024-01-01 00:07:36,session_004,Bangalore,SmartTV,CDN-A,8.02,0.36,25.06,1.26,17.99,3,2,1.88,480p,26.62
2024-01-01 00:08:06,session_004,Bangalore,SmartTV,CDN-A,7.26,0.0,44.37,0.0,16.13,4,1,1.04,720p,25.62
2024-01-01 00:08:36,session_004,Bangalore,SmartTV,CDN-A,8.35,0.17,28.08,1.55,15.21,5,2,1.32,480p,12.84
2024-01-01 00:09:06,session_004,Bangalore,SmartTV,CDN-A,8.18,0.12,53.83,1.61,23.15,3,2,1.4,1080p,10.39
2024-01-01 00:09:36,session_004,Bangalore,SmartTV,CDN-A,6.99,0.0,24.21,0.0,10.03,4,2,2.01,1080p,5.56
2024-01-01 00:10:06,session_004,Bangalore,SmartTV,CDN-A,8.83,0.54,29.59,0.0,20.61,4,2,2.73,720p,17.33
2024-01-01 00:00:48,session_005,Hyderabad,Android,CDN-B,10.15,0.34,80.53,0.43,11.87,0,0,2.23,4K,26.95
2024-01-01 00:01:18,session_005,Hyderabad,Android,CDN-B,7.75,0.82,60.97,0.92,5.84,0,0,1.83,1080p,13.8
2024-01-01 00:01:48,session_005,Hyderabad,Android,CDN-B,7.69,0.66,38.11,0.94,16.33,0,0,2.05,1080p,34.39
2024-01-01 00:02:18,session_005,Hyderabad,Android,CDN-B,6.73,0.0,69.08,0.85,20.31,1,0,1.87,720p,11.66
2024-01-01 00:02:48,session_005,Hyderabad,Android,CDN-B,9.13,0.7,58.65,1.57,20.27,2,1,2.26,720p,23.23
2024-01-01 00:03:18,session_005,Hyderabad,Android,CDN-B,6.62,0.86,66.01,0.57,24.56,3,1,2.24,1080p,23.5
2024-01-01 00:03:48,session_005,Hyderabad,Android,CDN-B,8.05,0.35,39.76,0.0,24.08,1,0,2.91,720p,21.08
2024-01-01 00:04:18,session_005,Hyderabad,Android,CDN-B,7.74,0.84,63.25,0.03,9.36,0,1,2.65,480p,7.4
2024-01-01 00:04:48,session_005,Hyderabad,Android,CDN-B,8.06,0.13,35.93,0.0,17.26,1,1,1.63,1080p,4.39
2024-01-01 00:05:18,session_005,Hyderabad,Android,CDN-B,7.17,0.0,19.3,1.34,18.47,0,1,3.09,720p,12.13
2024-01-01 00:05:48,session_005,Hyderabad,Android,CDN-B,8.31,0.29,40.6,2.18,22.67,2,2,1.96,720p,20.42
2024-01-01 00:06:18,session_005,Hyderabad,Android,CDN-B,7.59,0.36,38.44,0.0,23.87,5,2,1.09,720p,34.76
2024-01-01 00:06:48,session_005,Hyderabad,Android,CDN-B,7.32,0.27,6.98,1.57,19.18,3,2,3.31,4K,26.97
2024-01-01 00:07:18,session_005,Hyderabad,Android,CDN-B,7.65,0.75,44.76,1.48,23.86,3,2,2.44,720p,18.13
2024-01-01 00:07:48,session_005,Hyderabad,Android,CDN-B,7.7,0.38,54.07,0.59,16.21,1,2,2.07,1080p,23.97
2024-01-01 00:08:18,session_005,Hyderabad,Android,CDN-B,7.3,0.35,40.39,1.47,21.55,4,1,2.51,1080p,32.44
2024-01-01 00:08:48,session_005,Hyderabad,Android,CDN-B,8.29,0.49,48.79,1.64,12.06,4,2,2.28,4K,16.3
2024-01-01 00:09:18,session_005,Hyderabad,Android,CDN-B,8.77,0.84,28.98,0.88,1.9,3,2,2.9,720p,20.53
2024-01-01 00:09:48,session_005,Hyderabad,Android,CDN-B,7.47,0.93,53.3,0.37,11.29,4,2,1.78,1080p,9.29
2024-01-01 00:10:18,session_005,Hyderabad,Android,CDN-B,8.54,0.48,45.07,0.45,36.41,4,3,2.82,1080p,19.13
2024-01-01 00:01:00,session_006,Pune,iOS,CDN-C,7.68,0.24,69.4,0.53,20.78,0,0,2.81,720p,31.01
2024-01-01 00:01:30,session_006,Pune,iOS,CDN-C,6.89,0.27,42.87,0.0,18.96,0,0,2.95,720p,19.68
2024-01-01 00:02:00,session_006,Pune,iOS,CDN-C,6.37,0.69,45.63,1.21,19.79,2,0,2.41,4K,4.74
2024-01-01 00:02:30,session_006,Pune,iOS,CDN-C,6.36,0.83,56.31,0.0,13.99,0,0,1.51,1080p,26.23
2024-01-01 00:03:00,session_006,Pune,iOS,CDN-C,7.87,0.29,45.61,1.27,16.82,0,0,2.65,4K,19.69
2024-01-01 00:03:30,session_006,Pune,iOS,CDN-C,6.64,0.36,62.68,1.31,22.94,1,1,3.36,720p,23.62
2024-01-01 00:04:00,session_006,Pune,iOS,CDN-C,9.3,0.54,37.49,1.51,18.33,1,0,1.33,1080p,16.02
2024-01-01 00:04:30,session_006,Pune,iOS,CDN-C,7.35,0.82,28.75,0.59,17.14,3,0,1.35,4K,24.63
2024-01-01 00:05:00,session_006,Pune,iOS,CDN-C,7.31,0.73,66.82,0.65,5.42,2,1,2.0,480p,29.58
2024-01-01 00:05:30,session_006,Pune,iOS,CDN-C,8.0,0.06,18.7,0.96,13.32,1,1,1.69,720p,10.53
2024-01-01 00:06:00,session_006,Pune,iOS,CDN-C,7.2,0.52,33.81,0.0,22.41,1,1,2.08,1080p,23.31
2024-01-01 00:06:30,session_006,Pune,iOS,CDN-C,9.33,0.53,11.97,0.96,20.48,3,2,2.88,480p,23.39
2024-01-01 00:07:00,session_006,Pune,iOS,CDN-C,7.42,0.59,47.76,0.13,14.36,4,2,2.03,1080p,2.87
2024-01-01 00:07:30,session_006,Pune,iOS,CDN-C,8.04,0.0,51.56,0.0,18.47,3,2,2.03,1080p,21.72
2024-01-01 00:08:00,session_006,Pune,iOS,CDN-C,7.94,0.6,27.22,0.06,25.25,3,2,1.58,480p,25.25
2024-01-01 00:08:30,session_006,Pune,iOS,CDN-C,8.31,0.09,74.08,1.68,21.0,3,2,1.63,1080p,21.43
2024-01-01 00:09:00,session_006,Pune,iOS,CDN-C,8.42,0.83,0.0,0.0,16.15,3,1,1.86,1080p,27.25
2024-01-01 00:09:30,session_006,Pune,iOS,CDN-C,7.46,0.15,39.09,1.2,15.23,5,2,2.04,1080p,5.85
2024-01-01 00:10:00,session_006,Pune,iOS,CDN-C,7.0,0.7,47.48,0.14,17.06,5,2,2.37,720p,24.42
2024-01-01 00:10:30,session_006,Pune,iOS,CDN-C,8.28,1.13,40.09,0.28,8.82,5,2,2.55,720p,18.24
2024-01-01 00:01:12,session_007,Mumbai,Web,CDN-A,7.6,0.63,32.76,0.74,25.82,0,0,2.12,1080p,29.87
2024-01-01 00:01:42,session_007,Mumbai,Web,CDN-A,7.81,0.83,36.1,0.78,25.51,0,0,1.99,1080p,24.34
2024-01-01 00:02:12,session_007,Mumbai,Web,CDN-A,7.62,0.41,39.82,1.18,13.95,0,0,1.89,720p,36.73
2024-01-01 00:02:42,session_007,Mumbai,Web,CDN-A,8.47,1.1,45.74,0.39,27.08,0,0,2.44,4K,26.65
2024-01-01 00:03:12,session_007,Mumbai,Web,CDN-A,7.21,0.14,43.98,0.0,18.83,1,0,2.03,1080p,15.13
2024-01-01 00:03:42,session_007,Mumbai,Web,CDN-A,8.85,0.8,35.89,1.15,12.95,1,0,2.29,720p,16.87
2024-01-01 00:04:12,session_007,Mumbai,Web,CDN-A,7.52,0.82,23.57,0.07,7.79,0,0,1.4,720p,0.0
2024-01-01 00:04:42,session_007,Mumbai,Web,CDN-A,7.54,0.37,61.04,0.33,18.83,1,0,2.93,720p,11.87
2024-01-01 00:05:12,session_007,Mumbai,Web,CDN-A,8.46,0.54,57.38,1.45,14.44,0,2,2.01,1080p,16.9
2024-01-01 00:05:42,session_007,Mumbai,Web,CDN-A,7.68,0.65,57.85,0.0,26.52,2,1,2.97,1080p,23.29
2024-01-01 00:06:12,session_007,Mumbai,Web,CDN-A,7.44,0.01,28.63,0.35,2.78,4,1,1.82,4K,19.71
2024-01-01 00:06:42,session_007,Mumbai,Web,CDN-A,8.3,0.6,42.8,1.09,13.09,2,1,2.14,1080p,16.88
2024-01-01 00:07:12,session_007,Mumbai,Web,CDN-A,8.4,0.97,41.26,0.4,29.37,4,1,1.96,1080p,31.25
2024-01-01 00:07:42,session_007,Mumbai,Web,CDN-A,8.0,0.55,31.96,0.0,18.89,2,2,1.96,480p,13.99
2024-01-01 00:08:12,session_007,Mumbai,Web,CDN-A,7.02,0.54,31.53,0.41,24.45,3,1,1.83,1080p,33.9
2024-01-01 00:08:42,session_007,Mumbai,Web,CDN-A,8.91,0.68,48.76,1.81,14.65,3,2,1.43,720p,24.28
2024-01-01 00:09:12,session_007,Mumbai,Web,CDN-A,8.36,0.67,48.96,0.2,24.36,3,1,1.91,1080p,24.41
2024-01-01 00:09:42,session_007,Mumbai,Web,CDN-A,8.75,0.52,37.68,1.27,13.8,5,1,2.52,1080p,5.23
2024-01-01 00:10:12,session_007,Mumbai,Web,CDN-A,9.99,0.09,29.29,1.19,18.81,7,3,2.38,720p,21.93
2024-01-01 00:10:42,session_007,Mumbai,Web,CDN-A,8.33,0.0,70.92,0.9,17.15,4,2,1.43,1080p,14.2
2024-01-01 00:01:24,session_008,Delhi,SmartTV,CDN-B,9.21,0.92,35.45,0.08,16.49,0,0,2.37,1080p,8.34
2024-01-01 00:01:54,session_008,Delhi,SmartTV,CDN-B,7.37,0.62,58.1,0.0,17.91,0,0,2.79,1080p,13.7
2024-01-01 00:02:24,session_008,Delhi,SmartTV,CDN-B,7.29,1.01,67.29,1.63,10.51,0,0,2.08,480p,12.64
2024-01-01 00:02:54,session_008,Delhi,SmartTV,CDN-B,7.5,0.84,7.87,0.0,26.89,0,0,1.29,720p,27.43
2024-01-01 00:03:24,session_008,Delhi,SmartTV,CDN-B,7.54,0.76,64.57,0.08,19.15,1,1,2.85,720p,14.24
2024-01-01 00:03:54,session_008,Delhi,SmartTV,CDN-B,9.01,0.69,28.12,0.66,9.57,0,1,2.24,720p,23.61
2024-01-01 00:04:24,session_008,Delhi,SmartTV,CDN-B,7.2,0.64,46.25,0.0,16.31,2,0,1.78,720p,23.14
2024-01-01 00:04:54,session_008,Delhi,SmartTV,CDN-B,7.54,0.4,45.04,1.37,13.01,1,0,2.88,720p,19.96
2024-01-01 00:05:24,session_008,Delhi,SmartTV,CDN-B,8.09,0.76,52.84,0.54,23.42,2,1,2.7,4K,24.56
2024-01-01 00:05:54,session_008,Delhi,SmartTV,CDN-B,9.15,0.46,50.65,1.62,25.56,1,0,2.31,1080p,16.63
2024-01-01 00:06:24,session_008,Delhi,SmartTV,CDN-B,7.53,0.53,30.12,0.28,30.9,2,1,1.1,720p,30.89
2024-01-01 00:06:54,session_008,Delhi,SmartTV,CDN-B,7.79,0.42,39.97,1.28,19.32,3,1,1.3,4K,14.42
2024-01-01 00:07:24,session_008,Delhi,SmartTV,CDN-B,7.73,0.55,33.33,0.31,9.96,3,1,2.64,1080p,17.06
2024-01-01 00:07:54,session_008,Delhi,SmartTV,CDN-B,6.48,0.75,41.31,0.0,14.28,3,2,2.0,1080p,15.54
2024-01-01 00:08:24,session_008,Delhi,SmartTV,CDN-B,6.61,0.47,36.67,0.49,17.12,2,3,2.08,480p,19.71
2024-01-01 00:08:54,session_008,Delhi,SmartTV,CDN-B,7.47,0.0,25.17,0.0,10.07,3,2,1.21,720p,19.83
2024-01-01 00:09:24,session_008,Delhi,SmartTV,CDN-B,6.76,0.64,30.55,0.72,9.54,3,1,2.04,1080p,35.08
2024-01-01 00:09:54,session_008,Delhi,SmartTV,CDN-B,8.23,0.39,46.48,0.69,17.12,4,1,1.88,720p,18.69
2024-01-01 00:10:24,session_008,Delhi,SmartTV,CDN-B,7.74,0.31,24.67,1.18,18.09,6,3,2.51,720p,28.96
2024-01-01 00:10:54,session_008,Delhi,SmartTV,CDN-B,7.81,0.74,54.93,0.97,13.25,7,2,2.31,720p,10.1
2024-01-01 00:01:36,session_009,Bangalore,Android,CDN-C,8.11,0.58,55.8,1.02,22.88,0,0,1.71,1080p,24.4
2024-01-01 00:02:06,session_009,Bangalore,Android,CDN-C,7.45,0.19,84.49,1.81,15.88,0,0,2.33,1080p,18.45
2024-01-01 00:02:36,session_009,Bangalore,Android,CDN-C,7.38,0.33,48.12,2.12,8.79,1,0,1.67,480p,10.98
2024-01-01 00:03:06,session_009,Bangalore,Android,CDN-C,8.44,0.01,60.74,0.05,10.44,0,0,3.03,1080p,11.07
2024-01-01 00:03:36,session_009,Bangalore,Android,CDN-C,7.89,0.81,43.05,0.0,19.52,3,0,1.69,1080p,0.1
2024-01-01 00:04:06,session_009,Bangalore,Android,CDN-C,8.63,0.42,68.93,0.33,13.9,0,0,1.92,1080p,27.12
2024-01-01 00:04:36,session_009,Bangalore,Android,CDN-C,8.23,1.0,0.82,0.91,24.35,2,0,1.02,720p,6.96
2024-01-01 00:05:06,session_009,Bangalore,Android,CDN-C,9.02,0.68,53.28,0.78,22.64,0,0,2.28,480p,13.0
2024-01-01 00:05:36,session_009,Bangalore,Android,CDN-C,7.5,0.0,71.89,0.67,15.04,1,1,1.25,1080p,9.02
2024-01-01 00:06:06,session_009,Bangalore,Android,CDN-C,6.96,0.02,42.7,0.0,11.53,1,1,2.07,720p,21.18
2024-01-01 00:06:36,session_009,Bangalore,Android,CDN-C,8.17,0.58,39.59,0.99,13.73,3,1,2.67,480p,8.16
2024-01-01 00:07:06,session_009,Bangalore,Android,CDN-C,9.08,0.1,57.23,0.0,18.8,2,1,2.9,480p,40.71
2024-01-01 00:07:36,session_009,Bangalore,Android,CDN-C,7.26,0.08,50.8,0.0,24.14,4,2,2.41,720p,19.29
2024-01-01 00:08:06,session_009,Bangalore,Android,CDN-C,7.76,0.16,73.42,0.0,9.97,2,1,2.4,480p,15.3
2024-01-01 00:08:36,session_009,Bangalore,Android,CDN-C,9.02,0.92,53.48,1.24,20.82,3,2,3.23,1080p,18.32
2024-01-01 00:09:06,session_009,Bangalore,Android,CDN-C,7.8,0.82,23.84,1.76,14.4,3,1,1.35,1080p,12.35
2024-01-01 00:09:36,session_009,Bangalore,Android,CDN-C,7.41,0.91,30.49,0.82,13.19,4,2,2.11,1080p,13.57
2024-01-01 00:10:06,session_009,Bangalore,Android,CDN-C,7.85,0.71,65.6,1.34,16.99,5,1,1.45,720p,24.38
2024-01-01 00:10:36,session_009,Bangalore,Android,CDN-C,8.46,0.61,25.36,0.73,21.01,4,1,3.96,480p,16.41
2024-01-01 00:11:06,session_009,Bangalore,Android,CDN-C,8.81,1.0,66.94,0.36,24.12,5,2,2.51,480p,17.6
2024-01-01 00:01:48,session_010,Hyderabad,iOS,CDN-A,6.87,0.42,46.95,1.46,32.29,0,0,1.89,1080p,29.63
2024-01-01 00:02:18,session_010,Hyderabad,iOS,CDN-A,7.68,0.81,49.08,0.66,13.35,0,0,1.92,720p,10.66
2024-01-01 00:02:48,session_010,Hyderabad,iOS,CDN-A,7.59,0.68,56.26,1.06,17.67,0,0,2.69,720p,20.86
2024-01-01 00:03:18,session_010,Hyderabad,iOS,CDN-A,8.0,0.66,28.07,0.52,13.29,0,0,1.91,1080p,8.71
2024-01-01 00:03:48,session_010,Hyderabad,iOS,CDN-A,8.75,0.34,64.84,0.48,18.12,1,0,1.35,1080p,16.24
2024-01-01 00:04:18,session_010,Hyderabad,iOS,CDN-A,8.46,0.81,42.82,1.02,15.86,0,0,1.92,1080p,14.66
2024-01-01 00:04:48,session_010,Hyderabad,iOS,CDN-A,7.75,0.0,38.25,1.71,13.48,2,1,2.23,480p,1.87
2024-01-01 00:05:18,session_010,Hyderabad,iOS,CDN-A,7.66,0.56,31.46,1.03,26.24,0,0,1.12,1080p,16.61
2024-01-01 00:05:48,session_010,Hyderabad,iOS,CDN-A,7.93,0.33,38.26,0.76,25.29,2,0,3.25,480p,11.06
2024-01-01 00:06:18,session_010,Hyderabad,iOS,CDN-A,6.77,0.21,57.75,1.06,18.79,2,1,1.79,1080p,11.68
2024-01-01 00:06:48,session_010,Hyderabad,iOS,CDN-A,7.91,0.68,53.51,0.67,17.92,2,1,2.01,480p,8.85
2024-01-01 00:07:18,session_010,Hyderabad,iOS,CDN-A,8.9,0.63,53.27,1.26,22.16,3,2,1.75,4K,14.73
2024-01-01 00:07:48,session_010,Hyderabad,iOS,CDN-A,8.98,0.32,46.35,0.24,10.4,4,2,1.9,1080p,25.35
2024-01-01 00:08:18,session_010,Hyderabad,iOS,CDN-A,7.36,0.41,39.41,1.74,9.88,3,2,1.32,4K,16.04
2024-01-01 00:08:48,session_010,Hyderabad,iOS,CDN-A,6.71,0.33,46.49,0.12,27.27,3,3,2.91,720p,8.27
2024-01-01 00:09:18,session_010,Hyderabad,iOS,CDN-A,7.42,0.0,39.34,0.14,1.7,4,2,2.28,1080p,25.56
2024-01-01 00:09:48,session_010,Hyderabad,iOS,CDN-A,6.88,0.43,52.1,0.0,20.34,3,2,0.89,720p,8.07
2024-01-01 00:10:18,session_010,Hyderabad,iOS,CDN-A,6.51,0.2,18.19,0.61,31.48,4,2,1.9,4K,20.58
2024-01-01 00:10:48,session_010,Hyderabad,iOS,CDN-A,6.17,0.25,71.93,0.23,21.6,4,2,1.76,1080p,12.48
2024-01-01 00:11:18,session_010,Hyderabad,iOS,CDN-A,8.56,1.1,43.79,0.0,17.08,4,3,2.2,1080p,21.89
2024-01-01 00:02:00,session_011,Pune,Web,CDN-B,7.48,0.46,73.77,0.0,2.72,0,0,2.02,1080p,35.8
2024-01-01 00:02:30,session_011,Pune,Web,CDN-B,9.82,0.1,56.65,0.43,18.77,0,0,1.06,1080p,18.9
2024-01-01 00:03:00,session_011,Pune,Web,CDN-B,8.67,0.15,50.25,0.0,22.79,0,1,1.8,720p,17.04
2024-01-01 00:03:30,session_011,Pune,Web,CDN-B,8.49,0.54,38.75,0.62,15.1,0,0,1.25,4K,19.67
2024-01-01 00:04:00,session_011,Pune,Web,CDN-B,7.82,0.47,53.84,1.07,16.01,1,0,0.5,480p,14.71
2024-01-01 00:04:30,session_011,Pune,Web,CDN-B,7.5,0.35,15.41,0.29,22.6,0,0,1.53,4K,15.65
2024-01-01 00:05:00,session_011,Pune,Web,CDN-B,8.16,0.49,21.19,0.0,20.86,1,0,1.58,1080p,20.11
2024-01-01 00:05:30,session_011,Pune,Web,CDN-B,8.28,0.77,38.0,0.97,14.81,0,0,1.79,1080p,11.76
2024-01-01 00:06:00,session_011,Pune,Web,CDN-B,7.73,0.38,44.13,0.0,8.44,2,1,2.2,720p,23.1
2024-01-01 00:06:30,session_011,Pune,Web,CDN-B,7.9,1.0,59.25,0.65,24.55,2,2,2.43,720p,20.18
2024-01-01 00:07:00,session_011,Pune,Web,CDN-B,8.4,0.64,41.79,0.0,19.13,2,1,1.26,1080p,18.2
2024-01-01 00:07:30,session_011,Pune,Web,CDN-B,9.06,0.22,52.32,1.36,34.78,0,1,2.06,4K,27.7
2024-01-01 00:08:00,session_011,Pune,Web,CDN-B,9.17,0.45,69.74,0.83,26.54,3,0,1.58,1080p,23.03
2024-01-01 00:08:30,session_011,Pune,Web,CDN-B,6.31,0.51,65.14,0.0,13.97,4,2,2.54,1080p,10.2
2024-01-01 00:09:00,session_011,Pune,Web,CDN-B,7.83,0.41,71.49,0.0,29.98,2,1,1.63,1080p,10.53
2024-01-01 00:09:30,session_011,Pune,Web,CDN-B,6.76,0.2,37.04,0.34,8.69,3,2,2.27,1080p,29.24
2024-01-01 00:10:00,session_011,Pune,Web,CDN-B,7.97,0.42,73.79,0.54,16.88,2,2,1.77,4K,0.0
2024-01-01 00:10:30,session_011,Pune,Web,CDN-B,7.11,0.5,31.51,0.0,21.33,3,2,0.97,1080p,16.2
2024-01-01 00:11:00,session_011,Pune,Web,CDN-B,7.84,0.82,74.75,0.78,24.63,4,2,2.51,4K,29.28
2024-01-01 00:11:30,session_011,Pune,Web,CDN-B,8.69,1.18,18.07,0.91,20.83,6,3,2.19,4K,23.07
2024-01-01 00:02:12,session_012,Mumbai,SmartTV,CDN-C,7.66,0.64,48.76,0.58,7.15,0,0,1.61,1080p,16.34
2024-01-01 00:02:42,session_012,Mumbai,SmartTV,CDN-C,7.59,0.5,51.1,0.24,18.13,0,0,2.28,1080p,20.96
2024-01-01 00:03:12,session_012,Mumbai,SmartTV,CDN-C,6.95,0.55,24.96,1.83,17.12,0,0,1.71,1080p,11.58
2024-01-01 00:03:42,session_012,Mumbai,SmartTV,CDN-C,6.3,0.47,30.08,0.91,18.24,1,0,2.95,1080p,25.28
2024-01-01 00:04:12,session_012,Mumbai,SmartTV,CDN-C,8.05,0.47,53.57,1.02,11.33,2,0,0.95,480p,17.5
2024-01-01 00:04:42,session_012,Mumbai,SmartTV,CDN-C,8.1,0.55,62.42,0.3,21.0,0,0,1.57,1080p,16.65
2024-01-01 00:05:12,session_012,Mumbai,SmartTV,CDN-C,8.16,0.6,46.81,0.72,20.31,0,2,1.71,1080p,17.64
2024-01-01 00:05:42,session_012,Mumbai,SmartTV,CDN-C,6.56,1.26,56.58,1.83,19.5,2,1,1.73,480p,20.75
2024-01-01 00:06:12,session_012,Mumbai,SmartTV,CDN-C,7.54,0.89,41.43,0.0,15.0,3,0,2.23,720p,26.39
2024-01-01 00:06:42,session_012,Mumbai,SmartTV,CDN-C,7.2,0.69,50.97,0.0,1.93,3,1,1.09,1080p,25.92
2024-01-01 00:07:12,session_012,Mumbai,SmartTV,CDN-C,7.7,0.65,45.58,2.1,7.06,2,2,2.97,1080p,24.25
2024-01-01 00:07:42,session_012,Mumbai,SmartTV,CDN-C,8.24,1.02,31.69,0.0,13.44,2,2,2.29,4K,13.97
2024-01-01 00:08:12,session_012,Mumbai,SmartTV,CDN-C,6.73,0.3,66.13,0.08,20.78,3,2,0.83,720p,19.78
2024-01-01 00:08:42,session_012,Mumbai,SmartTV,CDN-C,6.58,0.69,30.98,1.35,10.3,2,2,3.2,1080p,28.44
2024-01-01 00:09:12,session_012,Mumbai,SmartTV,CDN-C,8.64,0.61,64.79,0.57,14.04,4,2,2.04,4K,6.3
2024-01-01 00:09:42,session_012,Mumbai,SmartTV,CDN-C,7.44,0.18,50.13,0.0,10.0,2,1,2.03,720p,15.66
2024-01-01 00:10:12,session_012,Mumbai,SmartTV,CDN-C,6.71,0.69,28.75,0.88,28.72,3,2,0.54,480p,20.85
2024-01-01 00:10:42,session_012,Mumbai,SmartTV,CDN-C,9.11,0.95,47.64,0.0,19.56,4,2,1.37,4K,18.58
2024-01-01 00:11:12,session_012,Mumbai,SmartTV,CDN-C,8.65,0.54,60.64,0.0,22.27,6,2,2.71,720p,15.24
2024-01-01 00:11:42,session_012,Mumbai,SmartTV,CDN-C,6.95,0.75,37.36,0.0,9.69,5,3,1.21,4K,24.24
2024-01-01 00:02:24,session_013,Delhi,Android,CDN-A,7.32,0.51,43.91,0.0,19.53,0,0,1.67,4K,17.77
2024-01-01 00:02:54,session_013,Delhi,Android,CDN-A,7.13,0.45,51.58,0.07,18.14,0,0,2.48,720p,25.06
2024-01-01 00:03:24,session_013,Delhi,Android,CDN-A,7.39,0.09,79.74,1.27,19.22,0,1,2.09,4K,20.14
2024-01-01 00:03:54,session_013,Delhi,Android,CDN-A,8.68,0.07,33.51,0.22,20.8,1,0,2.52,720p,12.63
2024-01-01 00:04:24,session_013,Delhi,Android,CDN-A,7.24,0.64,71.64,1.39,24.11,2,0,2.01,1080p,24.83
2024-01-01 00:04:54,session_013,Delhi,Android,CDN-A,8.03,0.1,41.43,0.27,15.28,0,0,3.23,1080p,22.2
2024-01-01 00:05:24,session_013,Delhi,Android,CDN-A,8.55,0.45,66.51,0.14,20.57,0,0,2.19,4K,37.29
2024-01-01 00:05:54,session_013,Delhi,Android,CDN-A,7.55,0.7,32.1,1.68,15.01,0,1,2.44,720p,18.24
2024-01-01 00:06:24,session_013,Delhi,Android,CDN-A,8.29,0.32,17.69,0.6,19.32,2,1,1.7,4K,29.43
2024-01-01 00:06:54,session_013,Delhi,Android,CDN-A,6.52,0.84,73.66,1.23,16.26,2,1,2.45,720p,12.32
2024-01-01 00:07:24,session_013,Delhi,Android,CDN-A,8.32,0.22,50.26,1.51,16.48,2,1,3.32,4K,25.41
2024-01-01 00:07:54,session_013,Delhi,Android,CDN-A,7.56,0.42,68.41,0.0,22.71,4,1,1.93,480p,9.38
2024-01-01 00:08:24,session_013,Delhi,Android,CDN-A,7.82,0.62,64.57,0.0,20.06,3,2,1.42,4K,24.11
2024-01-01 00:08:54,session_013,Delhi,Android,CDN-A,7.86,0.2,40.06,0.96,14.95,3,1,2.42,1080p,24.41
2024-01-01 00:09:24,session_013,Delhi,Android,CDN-A,6.5,0.45,0.75,0.0,27.38,4,3,1.33,720p,11.72
2024-01-01 00:09:54,session_013,Delhi,Android,CDN-A,7.67,0.28,51.46,1.27,9.01,3,2,1.85,4K,8.25
2024-01-01 00:10:24,session_013,Delhi,Android,CDN-A,6.99,0.36,41.56,0.1,13.07,5,3,2.26,4K,17.55
2024-01-01 00:10:54,session_013,Delhi,Android,CDN-A,7.18,0.63,42.51,2.04,22.79,4,2,2.23,1080p,11.31
2024-01-01 00:11:24,session_013,Delhi,Android,CDN-A,8.16,0.68,29.32,0.5,25.09,8,2,2.11,1080p,11.08
2024-01-01 00:11:54,session_013,Delhi,Android,CDN-A,7.78,0.88,39.41,0.0,18.65,3,2,2.53,720p,20.27
2024-01-01 00:02:36,session_014,Bangalore,iOS,CDN-B,8.46,0.44,8.45,0.76,13.03,0,0,2.68,480p,15.97
2024-01-01 00:03:06,session_014,Bangalore,iOS,CDN-B,7.39,0.89,34.18,0.0,13.33,0,0,1.92,720p,11.64
2024-01-01 00:03:36,session_014,Bangalore,iOS,CDN-B,8.07,0.46,41.45,0.35,18.57,1,1,0.04,720p,28.48
2024-01-01 00:04:06,session_014,Bangalore,iOS,CDN-B,6.87,0.8,23.61,0.31,20.26,2,0,2.76,1080p,36.7
2024-01-01 00:04:36,session_014,Bangalore,iOS,CDN-B,7.55,1.06,15.32,0.78,23.38,0,0,1.41,1080p,19.16
2024-01-01 00:05:06,session_014,Bangalore,iOS,CDN-B,7.88,0.34,35.59,2.47,5.47,2,1,1.78,1080p,23.17
2024-01-01 00:05:36,session_014,Bangalore,iOS,CDN-B,8.72,0.15,61.25,0.33,17.28,2,0,2.8,720p,30.93
2024-01-01 00:06:06,session_014,Bangalore,iOS,CDN-B,8.34,0.26,50.43,0.7,13.64,1,0,2.7,720p,13.8
2024-01-01 00:06:36,session_014,Bangalore,iOS,CDN-B,7.88,0.0,65.96,0.4,11.17,3,2,1.48,1080p,16.52
2024-01-01 00:07:06,session_014,Bangalore,iOS,CDN-B,7.95,0.69,49.57,1.23,24.53,1,1,2.44,1080p,6.31
2024-01-01 00:07:36,session_014,Bangalore,iOS,CDN-B,8.59,1.09,51.58,0.61,17.75,2,1,2.75,720p,32.23
2024-01-01 00:08:06,session_014,Bangalore,iOS,CDN-B,8.79,1.05,35.86,0.65,13.94,2,1,1.47,1080p,18.92
2024-01-01 00:08:36,session_014,Bangalore,iOS,CDN-B,7.47,0.12,37.69,0.33,21.42,3,2,1.94,4K,25.2
2024-01-01 00:09:06,session_014,Bangalore,iOS,CDN-B,8.6,0.66,64.79,1.72,23.52,4,1,2.28,1080p,24.49
2024-01-01 00:09:36,session_014,Bangalore,iOS,CDN-B,7.0,0.33,29.57,0.65,25.57,4,2,1.51,720p,16.84
2024-01-01 00:10:06,session_014,Bangalore,iOS,CDN-B,8.61,0.13,27.55,0.97,22.01,4,2,2.49,1080p,23.13
2024-01-01 00:10:36,session_014,Bangalore,iOS,CDN-B,6.48,0.91,45.75,0.24,23.28,6,2,2.43,1080p,23.53
2024-01-01 00:11:06,session_014,Bangalore,iOS,CDN-B,8.24,0.33,91.35,0.92,19.2,4,3,2.45,720p,26.26
2024-01-01 00:11:36,session_014,Bangalore,iOS,CDN-B,8.48,0.46,73.84,0.0,20.71,4,1,1.87,720p,29.24
2024-01-01 00:12:06,session_014,Bangalore,iOS,CDN-B,8.16,0.4,27.83,0.41,13.32,4,2,2.58,1080p,18.44
2024-01-01 00:02:48,session_015,Hyderabad,Web,CDN-C,7.54,1.24,46.66,0.0,16.99,1,0,3.3,4K,25.69
2024-01-01 00:03:18,session_015,Hyderabad,Web,CDN-C,8.56,0.14,37.71,0.59,13.5,1,0,1.19,4K,37.24
2024-01-01 00:03:48,session_015,Hyderabad,Web,CDN-C,9.5,0.55,25.16,1.1,19.68,1,0,1.76,1080p,19.78
2024-01-01 00:04:18,session_015,Hyderabad,Web,CDN-C,8.87,0.31,39.31,1.33,11.85,0,0,1.62,480p,22.73
2024-01-01 00:04:48,session_015,Hyderabad,Web,CDN-C,7.24,0.23,60.59,1.43,27.01,0,0,2.27,1080p,11.44
2024-01-01 00:05:18,session_015,Hyderabad,Web,CDN-C,8.16,0.29,56.94,0.0,19.79,0,1,2.2,720p,22.27
2024-01-01 00:05:48,session_015,Hyderabad,Web,CDN-C,7.74,0.38,35.01,0.15,20.03,0,0,1.62,720p,31.09
2024-01-01 00:06:18,session_015,Hyderabad,Web,CDN-C,8.15,0.55,45.3,1.04,20.9,0,0,2.84,480p,17.5
2024-01-01 00:06:48,session_015,Hyderabad,Web,CDN-C,7.31,0.65,51.52,0.0,15.01,3,0,1.89,1080p,8.53
2024-01-01 00:07:18,session_015,Hyderabad,Web,CDN-C,7.25,0.71,17.09,1.23,22.41,3,1,2.12,1080p,17.71
2024-01-01 00:07:48,session_015,Hyderabad,Web,CDN-C,7.3,0.75,37.37,0.0,19.61,1,2,1.94,4K,27.09
2024-01-01 00:08:18,session_015,Hyderabad,Web,CDN-C,8.7,0.95,55.95,0.25,16.44,4,1,2.65,1080p,21.21
2024-01-01 00:08:48,session_015,Hyderabad,Web,CDN-C,8.37,0.67,24.91,0.56,19.88,4,1,1.37,1080p,29.21
2024-01-01 00:09:18,session_015,Hyderabad,Web,CDN-C,7.1,0.21,40.73,2.02,14.62,4,2,1.86,1080p,33.58
2024-01-01 00:09:48,session_015,Hyderabad,Web,CDN-C,7.39,0.74,64.58,0.46,26.73,5,1,1.64,1080p,17.97
2024-01-01 00:10:18,session_015,Hyderabad,Web,CDN-C,8.05,0.25,24.9,1.31,11.64,4,1,2.38,1080p,21.48
2024-01-01 00:10:48,session_015,Hyderabad,Web,CDN-C,8.04,0.39,44.6,0.55,17.66,5,1,2.42,4K,4.85
2024-01-01 00:11:18,session_015,Hyderabad,Web,CDN-C,7.72,0.32,19.85,0.53,11.17,3,3,1.99,1080p,21.02
2024-01-01 00:11:48,session_015,Hyderabad,Web,CDN-C,7.39,0.29,32.2,0.0,18.47,5,3,0.93,4K,9.31
2024-01-01 00:12:18,session_015,Hyderabad,Web,CDN-C,7.99,0.13,71.89,0.12,21.47,6,3,3.05,720p,9.24
2024-01-01 00:03:00,session_016,Pune,SmartTV,CDN-A,8.93,0.49,45.63,0.41,7.83,0,0,1.77,4K,30.75
2024-01-01 00:03:30,session_016,Pune,SmartTV,CDN-A,7.91,0.13,5.98,0.07,15.12,0,0,2.53,1080p,11.8
2024-01-01 00:04:00,session_016,Pune,SmartTV,CDN-A,8.57,0.6,48.81,0.72,21.09,0,0,1.28,1080p,22.69
2024-01-01 00:04:30,session_016,Pune,SmartTV,CDN-A,8.12,0.28,37.96,0.89,17.64,1,0,2.0,720p,21.95
2024-01-01 00:05:00,session_016,Pune,SmartTV,CDN-A,8.4,0.0,26.41,0.69,12.28,0,0,1.92,1080p,20.15
2024-01-01 00:05:30,session_016,Pune,SmartTV,CDN-A,7.74,0.8,37.0,0.87,19.02,1,1,2.04,480p,19.28
2024-01-01 00:06:00,session_016,Pune,SmartTV,CDN-A,7.14,0.52,25.54,0.5,15.85,1,0,2.08,1080p,16.67
2024-01-01 00:06:30,session_016,Pune,SmartTV,CDN-A,9.08,0.77,41.72,1.59,21.87,2,0,1.71,1080p,21.74
2024-01-01 00:07:00,session_016,Pune,SmartTV,CDN-A,8.02,0.67,48.05,0.0,19.48,3,0,1.69,1080p,17.19
2024-01-01 00:07:30,session_016,Pune,SmartTV,CDN-A,7.68,0.69,64.39,1.61,19.84,2,2,1.77,720p,14.53
2024-01-01 00:08:00,session_016,Pune,SmartTV,CDN-A,8.2,0.37,35.58,0.44,20.29,3,0,1.39,1080p,19.51
2024-01-01 00:08:30,session_016,Pune,SmartTV,CDN-A,5.61,0.82,56.98,1.44,9.02,3,0,1.26,720p,26.97
2024-01-01 00:09:00,session_016,Pune,SmartTV,CDN-A,9.15,0.49,5.7,0.96,39.3,3,0,1.96,1080p,15.29
2024-01-01 00:09:30,session_016,Pune,SmartTV,CDN-A,7.44,0.32,38.55,0.0,21.53,5,2,2.9,1080p,19.4
2024-01-01 00:10:00,session_016,Pune,SmartTV,CDN-A,8.82,0.89,25.55,0.0,18.22,4,1,3.63,720p,29.06
2024-01-01 00:10:30,session_016,Pune,SmartTV,CDN-A,7.31,1.06,34.22,0.0,16.63,4,2,1.58,480p,19.37
2024-01-01 00:11:00,session_016,Pune,SmartTV,CDN-A,7.4,0.23,42.95,0.76,21.49,3,3,1.73,720p,27.06
2024-01-01 00:11:30,session_016,Pune,SmartTV,CDN-A,6.06,0.68,35.86,0.0,6.95,3,3,2.82,4K,18.12
2024-01-01 00:12:00,session_016,Pune,SmartTV,CDN-A,8.3,0.28,73.57,0.17,21.95,4,3,0.37,720p,16.38
2024-01-01 00:12:30,session_016,Pune,SmartTV,CDN-A,8.32,0.53,9.07,1.53,22.67,5,3,1.25,1080p,17.73
2024-01-01 00:03:12,session_017,Mumbai,Android,CDN-B,5.79,0.63,59.93,0.0,8.42,0,0,2.82,720p,15.92
2024-01-01 00:03:42,session_017,Mumbai,Android,CDN-B,7.85,0.66,39.18,1.28,21.38,0,0,2.24,720p,14.56
2024-01-01 00:04:12,session_017,Mumbai,Android,CDN-B,7.76,0.91,47.97,0.0,29.73,1,0,2.85,1080p,13.79
2024-01-01 00:04:42,session_017,Mumbai,Android,CDN-B,7.41,0.84,55.0,0.0,18.43,1,0,2.55,1080p,14.61
2024-01-01 00:05:12,session_017,Mumbai,Android,CDN-B,7.6,0.54,54.18,0.87,25.54,0,0,1.41,480p,20.45
2024-01-01 00:05:42,session_017,Mumbai,Android,CDN-B,8.56,0.83,29.14,0.38,27.01,0,1,1.75,1080p,25.76
2024-01-01 00:06:12,session_017,Mumbai,Android,CDN-B,8.13,0.35,34.58,0.81,21.05,0,1,1.3,4K,20.69
2024-01-01 00:06:42,session_017,Mumbai,Android,CDN-B,8.31,0.61,44.04,0.01,10.64,1,0,1.4,720p,22.31
2024-01-01 00:07:12,session_017,Mumbai,Android,CDN-B,5.98,0.56,59.96,1.32,26.79,1,0,3.05,480p,19.79
2024-01-01 00:07:42,session_017,Mumbai,Android,CDN-B,6.67,0.0,62.45,0.0,24.3,2,1,1.57,1080p,23.66
2024-01-01 00:08:12,session_017,Mumbai,Android,CDN-B,7.69,0.34,26.88,0.6,14.66,1,1,2.25,720p,24.38
2024-01-01 00:08:42,session_017,Mumbai,Android,CDN-B,8.43,0.49,63.77,0.12,15.82,3,2,1.79,4K,6.29
2024-01-01 00:09:12,session_017,Mumbai,Android,CDN-B,8.31,0.54,62.88,0.84,12.66,5,1,1.47,1080p,13.71
2024-01-01 00:09:42,session_017,Mumbai,Android,CDN-B,8.12,0.57,40.32,1.26,18.55,3,3,2.66,480p,20.99
2024-01-01 00:10:12,session_017,Mumbai,Android,CDN-B,8.92,0.35,95.63,0.64,22.8,3,2,2.5,720p,36.3
2024-01-01 00:10:42,session_017,Mumbai,Android,CDN-B,8.16,0.18,30.17,0.51,14.65,3,2,3.36,1080p,20.63
2024-01-01 00:11:12,session_017,Mumbai,Android,CDN-B,7.07,0.6,27.47,0.69,11.74,4,2,2.43,720p,22.45
2024-01-01 00:11:42,session_017,Mumbai,Android,CDN-B,8.01,0.31,57.07,1.02,2.72,5,2,1.64,4K,8.66
2024-01-01 00:12:12,session_017,Mumbai,Android,CDN-B,7.87,0.9,20.31,0.83,16.27,5,3,2.03,4K,15.65
2024-01-01 00:12:42,session_017,Mumbai,Android,CDN-B,8.35,0.4,40.78,0.6,9.4,3,2,1.96,4K,15.26
2024-01-01 00:03:24,session_018,Delhi,iOS,CDN-C,7.94,0.63,64.26,1.33,13.34,1,0,1.81,720p,12.04
2024-01-01 00:03:54,session_018,Delhi,iOS,CDN-C,8.56,0.0,20.29,0.5,15.52,0,0,2.4,1080p,14.28
2024-01-01 00:04:24,session_018,Delhi,iOS,CDN-C,6.73,1.03,46.84,1.33,20.28,1,0,2.38,4K,27.36
2024-01-01 00:04:54,session_018,Delhi,iOS,CDN-C,7.4,0.77,37.8,0.0,11.62,1,0,1.93,4K,15.86
2024-01-01 00:05:24,session_018,Delhi,iOS,CDN-C,7.53,0.87,54.7,0.91,13.05,1,1,1.34,4K,21.21
2024-01-01 00:05:54,session_018,Delhi,iOS,CDN-C,5.83,0.77,27.05,1.14,33.68,0,0,1.83,4K,20.57
2024-01-01 00:06:24,session_018,Delhi,iOS,CDN-C,7.19,0.33,44.76,0.02,16.99,0,1,2.14,4K,18.67
2024-01-01 00:06:54,session_018,Delhi,iOS,CDN-C,8.12,0.64,78.97,0.78,17.9,2,1,1.8,720p,16.11
2024-01-01 00:07:24,session_018,Delhi,iOS,CDN-C,6.85,0.64,58.97,0.0,28.95,0,0,1.7,1080p,21.13
2024-01-01 00:07:54,session_018,Delhi,iOS,CDN-C,8.17,0.89,75.03,0.42,10.91,1,1,2.28,480p,19.52
2024-01-01 00:08:24,session_018,Delhi,iOS,CDN-C,7.49,0.41,76.58,0.78,9.09,3,2,2.2,4K,25.52
2024-01-01 00:08:54,session_018,Delhi,iOS,CDN-C,6.51,0.0,23.25,1.1,9.46,0,2,2.09,480p,28.95
2024-01-01 00:09:24,session_018,Delhi,iOS,CDN-C,8.73,0.04,44.96,0.28,24.53,4,1,2.11,1080p,29.95
2024-01-01 00:09:54,session_018,Delhi,iOS,CDN-C,7.41,0.2,39.61,1.53,29.97,2,1,2.62,1080p,31.15
2024-01-01 00:10:24,session_018,Delhi,iOS,CDN-C,7.54,0.3,54.77,1.46,18.77,2,3,0.91,720p,16.12
2024-01-01 00:10:54,session_018,Delhi,iOS,CDN-C,8.15,0.0,56.04,0.34,23.85,5,2,1.63,720p,25.04
2024-01-01 00:11:24,session_018,Delhi,iOS,CDN-C,7.23,0.34,55.38,0.21,23.51,4,3,1.49,4K,0.0
2024-01-01 00:11:54,session_018,Delhi,iOS,CDN-C,7.91,0.0,42.25,1.11,17.34,4,2,2.16,1080p,0.0
2024-01-01 00:12:24,session_018,Delhi,iOS,CDN-C,7.1,0.37,57.1,0.89,14.04,4,3,1.89,720p,5.26
2024-01-01 00:12:54,session_018,Delhi,iOS,CDN-C,7.84,0.91,43.32,0.0,20.93,6,3,1.85,1080p,10.6
2024-01-01 00:03:36,session_019,Bangalore,Web,CDN-A,8.92,0.8,70.25,2.4,9.59,0,0,2.04,480p,24.03
2024-01-01 00:04:06,session_019,Bangalore,Web,CDN-A,8.42,0.15,43.76,0.0,19.24,1,0,1.93,1080p,14.15
2024-01-01 00:04:36,session_019,Bangalore,Web,CDN-A,6.7,1.32,17.79,1.24,24.88,0,0,3.25,720p,20.04
2024-01-01 00:05:06,session_019,Bangalore,Web,CDN-A,8.5,0.82,63.49,1.12,19.58,1,0,1.6,1080p,30.15
2024-01-01 00:05:36,session_019,Bangalore,Web,CDN-A,8.22,0.4,36.4,0.86,31.63,0,1,1.5,1080p,17.81
2024-01-01 00:06:06,session_019,Bangalore,Web,CDN-A,8.32,0.97,62.73,0.0,18.68,1,0,3.39,1080p,17.24
2024-01-01 00:06:36,session_019,Bangalore,Web,CDN-A,6.6,0.59,27.62,0.52,7.56,0,1,1.84,4K,31.39
2024-01-01 00:07:06,session_019,Bangalore,Web,CDN-A,8.21,0.51,29.43,0.99,28.67,1,0,2.59,4K,16.19
2024-01-01 00:07:36,session_019,Bangalore,Web,CDN-A,9.62,0.45,30.09,1.06,17.42,1,1,2.36,1080p,31.31
2024-01-01 00:08:06,session_019,Bangalore,Web,CDN-A,8.25,0.0,55.29,1.27,26.74,2,2,1.99,4K,4.03
2024-01-01 00:08:36,session_019,Bangalore,Web,CDN-A,7.28,0.41,59.15,0.0,18.44,3,0,2.24,720p,34.68
2024-01-01 00:09:06,session_019,Bangalore,Web,CDN-A,8.96,0.0,36.05,1.07,17.68,3,1,1.81,1080p,11.79
2024-01-01 00:09:36,session_019,Bangalore,Web,CDN-A,6.49,0.63,69.01,0.69,20.04,2,3,1.57,1080p,9.79
2024-01-01 00:10:06,session_019,Bangalore,Web,CDN-A,8.07,0.16,0.0,0.21,22.91,4,1,2.2,480p,17.53
2024-01-01 00:10:36,session_019,Bangalore,Web,CDN-A,7.39,0.53,81.03,0.0,22.6,3,2,1.97,1080p,12.11
2024-01-01 00:11:06,session_019,Bangalore,Web,CDN-A,6.56,0.04,32.1,0.13,20.96,4,1,3.41,1080p,24.03
2024-01-01 00:11:36,session_019,Bangalore,Web,CDN-A,7.45,0.73,46.44,0.88,19.77,4,2,1.8,4K,33.61
2024-01-01 00:12:06,session_019,Bangalore,Web,CDN-A,6.62,0.0,77.15,0.62,22.86,4,3,1.7,480p,33.33
2024-01-01 00:12:36,session_019,Bangalore,Web,CDN-A,8.65,0.85,33.41,0.0,15.96,5,2,2.38,1080p,25.14
2024-01-01 00:13:06,session_019,Bangalore,Web,CDN-A,7.93,0.22,32.36,1.19,14.85,5,3,1.82,480p,25.57
2024-01-01 00:03:48,session_020,Hyderabad,SmartTV,CDN-B,7.08,1.39,32.0,1.19,10.07,0,0,1.17,720p,21.02
2024-01-01 00:04:18,session_020,Hyderabad,SmartTV,CDN-B,7.95,0.0,0.0,1.55,12.91,0,0,1.59,1080p,19.73
2024-01-01 00:04:48,session_020,Hyderabad,SmartTV,CDN-B,8.37,0.44,61.6,1.45,18.78,1,0,1.6,4K,18.0
2024-01-01 00:05:18,session_020,Hyderabad,SmartTV,CDN-B,6.27,0.0,52.25,1.17,17.79,1,0,1.85,1080p,21.52
2024-01-01 00:05:48,session_020,Hyderabad,SmartTV,CDN-B,7.68,0.0,52.02,0.37,9.36,1,0,1.91,1080p,12.63
2024-01-01 00:06:18,session_020,Hyderabad,SmartTV,CDN-B,7.6,0.09,47.33,0.66,12.63,1,0,1.79,1080p,3.93
2024-01-01 00:06:48,session_020,Hyderabad,SmartTV,CDN-B,7.88,0.21,46.23,0.0,22.63,1,1,2.86,1080p,23.51
2024-01-01 00:07:18,session_020,Hyderabad,SmartTV,CDN-B,6.07,0.22,55.55,1.14,20.22,1,0,0.99,720p,23.2
2024-01-01 00:07:48,session_020,Hyderabad,SmartTV,CDN-B,8.64,0.82,33.58,1.36,20.57,0,0,1.67,1080p,30.51
2024-01-01 00:08:18,session_020,Hyderabad,SmartTV,CDN-B,8.03,0.64,15.97,0.41,18.71,2,2,2.75,1080p,30.63
2024-01-01 00:08:48,session_020,Hyderabad,SmartTV,CDN-B,6.4,0.09,50.42,0.57,20.3,2,1,1.53,480p,29.78
2024-01-01 00:09:18,session_020,Hyderabad,SmartTV,CDN-B,8.0,0.33,42.36,1.3,10.37,3,1,2.94,1080p,16.17
2024-01-01 00:09:48,session_020,Hyderabad,SmartTV,CDN-B,8.15,0.24,23.67,0.46,23.71,2,2,1.93,4K,17.36
2024-01-01 00:10:18,session_020,Hyderabad,SmartTV,CDN-B,7.13,0.39,27.58,1.18,22.85,2,1,1.75,720p,17.95
2024-01-01 00:10:48,session_020,Hyderabad,SmartTV,CDN-B,6.7,0.28,43.51,0.5,7.76,3,0,1.19,1080p,16.9
2024-01-01 00:11:18,session_020,Hyderabad,SmartTV,CDN-B,7.79,0.0,32.51,0.62,20.68,3,1,2.18,720p,24.77
2024-01-01 00:11:48,session_020,Hyderabad,SmartTV,CDN-B,7.28,0.17,29.93,0.47,22.1,4,1,2.63,1080p,20.67
2024-01-01 00:12:18,session_020,Hyderabad,SmartTV,CDN-B,8.31,0.2,67.21,0.84,29.01,4,2,2.49,4K,26.24
2024-01-01 00:12:48,session_020,Hyderabad,SmartTV,CDN-B,7.74,0.53,39.51,0.54,23.43,4,2,2.05,480p,23.66
2024-01-01 00:13:18,session_020,Hyderabad,SmartTV,CDN-B,7.38,0.53,62.29,0.98,15.09,4,2,3.07,1080p,7.37
2024-01-01 00:04:00,session_021,Pune,Android,CDN-C,7.44,0.04,42.94,0.65,23.4,0,0,2.2,4K,29.91
2024-01-01 00:04:30,session_021,Pune,Android,CDN-C,6.77,0.76,26.43,1.29,16.51,1,0,2.01,720p,26.05
2024-01-01 00:05:00,session_021,Pune,Android,CDN-C,8.19,0.5,32.07,0.0,22.93,0,0,2.23,1080p,8.38
2024-01-01 00:05:30,session_021,Pune,Android,CDN-C,8.14,0.28,51.36,0.0,9.38,0,1,1.5,4K,17.69
2024-01-01 00:06:00,session_021,Pune,Android,CDN-C,8.16,0.86,17.0,0.77,20.2,1,0,1.32,1080p,22.28
2024-01-01 00:06:30,session_021,Pune,Android,CDN-C,7.4,0.52,41.13,0.0,20.19,2,0,0.95,720p,25.92
2024-01-01 00:07:00,session_021,Pune,Android,CDN-C,7.31,0.35,42.03,0.84,25.27,2,0,2.77,720p,21.64
2024-01-01 00:07:30,session_021,Pune,Android,CDN-C,5.79,0.48,38.17,0.54,13.38,1,1,1.65,720p,21.91
2024-01-01 00:08:00,session_021,Pune,Android,CDN-C,7.45,0.86,25.31,0.13,10.03,3,1,1.36,1080p,38.6
2024-01-01 00:08:30,session_021,Pune,Android,CDN-C,7.66,0.46,18.71,0.0,18.05,1,1,2.86,1080p,14.45
2024-01-01 00:09:00,session_021,Pune,Android,CDN-C,8.86,0.54,44.62,0.0,8.32,1,1,2.19,1080p,20.54
2024-01-01 00:09:30,session_021,Pune,Android,CDN-C,7.64,0.67,31.07,0.0,11.89,3,1,2.23,720p,9.01
2024-01-01 00:10:00,session_021,Pune,Android,CDN-C,8.61,0.29,83.83,0.0,7.31,1,1,2.49,480p,28.09
2024-01-01 00:10:30,session_021,Pune,Android,CDN-C,6.41,0.43,29.13,0.02,12.03,4,0,1.01,720p,47.12
2024-01-01 00:11:00,session_021,Pune,Android,CDN-C,7.87,0.96,60.42,0.65,21.88,5,1,1.45,1080p,18.83
2024-01-01 00:11:30,session_021,Pune,Android,CDN-C,6.91,0.0,48.57,1.69,15.77,5,2,1.93,1080p,22.66
2024-01-01 00:12:00,session_021,Pune,Android,CDN-C,7.61,0.52,47.03,0.45,15.99,4,2,1.96,4K,8.26
2024-01-01 00:12:30,session_021,Pune,Android,CDN-C,10.02,0.58,19.79,0.79,8.65,4,3,1.86,720p,21.27
2024-01-01 00:13:00,session_021,Pune,Android,CDN-C,8.29,0.16,59.59,0.48,12.27,6,2,3.23,1080p,24.28
2024-01-01 00:13:30,session_021,Pune,Android,CDN-C,7.48,0.16,67.75,0.55,17.53,5,3,2.58,720p,11.86
2024-01-01 00:04:12,session_022,Mumbai,iOS,CDN-A,8.16,0.28,34.72,0.0,13.59,0,0,1.18,1080p,16.24
2024-01-01 00:04:42,session_022,Mumbai,iOS,CDN-A,8.83,1.01,46.82,0.0,28.38,1,0,2.33,1080p,30.14
2024-01-01 00:05:12,session_022,Mumbai,iOS,CDN-A,8.4,0.98,29.48,0.9,14.94,0,1,1.87,720p,33.82
2024-01-01 00:05:42,session_022,Mumbai,iOS,CDN-A,6.5,0.69,11.02,0.0,16.9,2,0,1.48,4K,16.74
2024-01-01 00:06:12,session_022,Mumbai,iOS,CDN-A,6.85,0.24,27.26,0.94,25.98,2,0,1.82,1080p,19.04
2024-01-01 00:06:42,session_022,Mumbai,iOS,CDN-A,6.44,1.03,48.4,0.0,23.83,2,1,1.64,4K,13.99
2024-01-01 00:07:12,session_022,Mumbai,iOS,CDN-A,8.41,0.2,43.27,0.06,13.29,1,1,2.36,1080p,17.1
2024-01-01 00:07:42,session_022,Mumbai,iOS,CDN-A,7.87,0.81,52.6,0.3,17.97,2,1,1.04,480p,4.43
2024-01-01 00:08:12,session_022,Mumbai,iOS,CDN-A,7.07,0.32,42.29,0.28,21.09,2,1,2.11,4K,28.51
2024-01-01 00:08:42,session_022,Mumbai,iOS,CDN-A,6.37,0.88,24.93,0.89,9.02,1,1,0.66,4K,11.92
2024-01-01 00:09:12,session_022,Mumbai,iOS,CDN-A,8.62,0.52,67.42,0.0,16.45,2,1,2.04,720p,20.27
2024-01-01 00:09:42,session_022,Mumbai,iOS,CDN-A,7.96,0.71,66.73,1.96,10.86,2,1,2.3,4K,16.79
2024-01-01 00:10:12,session_022,Mumbai,iOS,CDN-A,6.92,0.81,69.24,0.0,12.05,3,1,1.69,720p,26.67
2024-01-01 00:10:42,session_022,Mumbai,iOS,CDN-A,8.54,0.93,44.44,0.98,13.11,4,1,1.53,480p,18.09
2024-01-01 00:11:12,session_022,Mumbai,iOS,CDN-A,8.77,0.3,10.08,0.0,15.61,3,2,2.47,720p,25.91
2024-01-01 00:11:42,session_022,Mumbai,iOS,CDN-A,8.2,0.21,43.56,0.66,17.23,2,2,1.19,480p,15.43
2024-01-01 00:12:12,session_022,Mumbai,iOS,CDN-A,6.43,0.0,36.83,0.78,21.58,4,2,2.49,720p,16.15
2024-01-01 00:12:42,session_022,Mumbai,iOS,CDN-A,6.06,0.18,31.17,0.04,13.54,4,3,2.59,4K,16.96
2024-01-01 00:13:12,session_022,Mumbai,iOS,CDN-A,6.51,0.6,32.14,0.05,13.05,2,2,1.8,720p,26.0
2024-01-01 00:13:42,session_022,Mumbai,iOS,CDN-A,6.75,0.92,58.35,0.62,10.56,5,4,1.69,480p,28.9
2024-01-01 00:04:24,session_023,Delhi,Web,CDN-B,8.05,0.59,26.06,0.45,26.2,0,0,2.71,1080p,38.44
2024-01-01 00:04:54,session_023,Delhi,Web,CDN-B,5.79,0.4,26.2,1.33,22.54,0,0,3.34,1080p,17.95
2024-01-01 00:05:24,session_023,Delhi,Web,CDN-B,8.1,1.17,47.07,0.18,17.57,2,0,2.57,4K,25.69
2024-01-01 00:05:54,session_023,Delhi,Web,CDN-B,7.21,0.77,42.2,1.09,11.46,0,0,1.23,480p,30.79
2024-01-01 00:06:24,session_023,Delhi,Web,CDN-B,8.05,0.17,18.09,0.0,12.11,1,0,1.7,1080p,15.44
2024-01-01 00:06:54,session_023,Delhi,Web,CDN-B,7.83,0.2,53.92,1.2,23.43,3,0,1.66,1080p,15.67
2024-01-01 00:07:24,session_023,Delhi,Web,CDN-B,7.04,0.44,41.39,1.02,16.7,1,0,1.86,720p,14.94
2024-01-01 00:07:54,session_023,Delhi,Web,CDN-B,8.8,0.82,41.97,0.25,18.1,3,0,0.96,1080p,32.23
2024-01-01 00:08:24,session_023,Delhi,Web,CDN-B,8.27,0.23,34.06,0.0,11.8,3,1,0.92,1080p,7.48
2024-01-01 00:08:54,session_023,Delhi,Web,CDN-B,6.61,0.0,29.39,0.43,24.49,2,0,1.96,4K,31.99
2024-01-01 00:09:24,session_023,Delhi,Web,CDN-B,7.22,0.71,48.57,0.05,26.2,0,1,2.81,1080p,15.99
2024-01-01 00:09:54,session_023,Delhi,Web,CDN-B,8.63,0.52,47.55,1.2,11.03,1,2,3.61,4K,9.52
2024-01-01 00:10:24,session_023,Delhi,Web,CDN-B,7.63,0.82,17.95,2.15,22.95,2,2,2.41,1080p,24.9
2024-01-01 00:10:54,session_023,Delhi,Web,CDN-B,8.89,0.32,58.14,0.0,16.81,2,1,1.55,480p,19.47
2024-01-01 00:11:24,session_023,Delhi,Web,CDN-B,8.95,0.78,30.26,0.39,17.17,5,0,1.85,4K,12.0
2024-01-01 00:11:54,session_023,Delhi,Web,CDN-B,8.62,0.53,36.7,0.09,18.06,3,2,2.98,1080p,30.87
2024-01-01 00:12:24,session_023,Delhi,Web,CDN-B,6.7,0.27,66.65,0.37,17.58,2,1,2.06,1080p,27.18
2024-01-01 00:12:54,session_023,Delhi,Web,CDN-B,7.48,0.83,17.1,0.0,11.66,3,3,2.13,1080p,14.51
2024-01-01 00:13:24,session_023,Delhi,Web,CDN-B,6.7,0.46,55.72,0.13,23.42,5,2,1.36,1080p,27.36
2024-01-01 00:13:54,session_023,Delhi,Web,CDN-B,9.68,0.0,29.97,0.91,11.54,5,3,2.63,480p,22.6
2024-01-01 00:04:36,session_024,Bangalore,SmartTV,CDN-C,8.74,0.62,77.22,0.02,14.43,0,0,1.61,1080p,10.74
2024-01-01 00:05:06,session_024,Bangalore,SmartTV,CDN-C,8.45,0.24,48.84,0.06,22.89,1,0,2.5,720p,17.1
2024-01-01 00:05:36,session_024,Bangalore,SmartTV,CDN-C,6.95,0.74,27.87,0.08,22.7,0,0,2.59,1080p,20.31
2024-01-01 00:06:06,session_024,Bangalore,SmartTV,CDN-C,8.61,0.73,15.43,0.29,14.31,0,0,0.84,720p,26.92
2024-01-01 00:06:36,session_024,Bangalore,SmartTV,CDN-C,6.88,0.43,47.88,0.98,18.05,0,0,1.99,1080p,20.76
2024-01-01 00:07:06,session_024,Bangalore,SmartTV,CDN-C,7.94,0.67,34.12,0.0,24.51,1,0,1.91,1080p,27.23
2024-01-01 00:07:36,session_024,Bangalore,SmartTV,CDN-C,9.34,1.01,37.69,0.78,24.02,0,0,1.57,720p,27.01
2024-01-01 00:08:06,session_024,Bangalore,SmartTV,CDN-C,7.27,0.59,71.2,1.67,23.26,1,0,2.29,1080p,26.08
2024-01-01 00:08:36,session_024,Bangalore,SmartTV,CDN-C,7.56,0.42,39.62,0.0,13.49,1,1,2.69,1080p,24.11
2024-01-01 00:09:06,session_024,Bangalore,SmartTV,CDN-C,7.83,0.25,28.29,1.34,22.3,0,1,1.75,1080p,25.52
2024-01-01 00:09:36,session_024,Bangalore,SmartTV,CDN-C,7.55,0.0,34.53,1.17,12.97,3,1,2.04,1080p,23.86
2024-01-01 00:10:06,session_024,Bangalore,SmartTV,CDN-C,7.47,0.7,45.94,0.0,17.21,1,2,2.28,1080p,18.43
2024-01-01 00:10:36,session_024,Bangalore,SmartTV,CDN-C,6.45,1.02,46.14,1.18,1.6,2,1,1.8,720p,29.79
2024-01-01 00:11:06,session_024,Bangalore,SmartTV,CDN-C,7.05,0.44,72.27,0.03,20.8,4,1,2.12,1080p,8.87
2024-01-01 00:11:36,session_024,Bangalore,SmartTV,CDN-C,7.67,0.6,52.19,0.63,17.02,3,2,2.61,1080p,28.59
2024-01-01 00:12:06,session_024,Bangalore,SmartTV,CDN-C,8.24,0.53,30.7,1.07,14.43,3,3,2.39,1080p,23.5
2024-01-01 00:12:36,session_024,Bangalore,SmartTV,CDN-C,6.67,0.38,30.44,0.11,26.88,6,1,2.35,1080p,35.55
2024-01-01 00:13:06,session_024,Bangalore,SmartTV,CDN-C,9.05,0.47,71.38,1.2,14.28,3,3,2.27,1080p,25.77
2024-01-01 00:13:36,session_024,Bangalore,SmartTV,CDN-C,8.93,0.0,33.04,1.59,29.6,3,2,1.88,1080p,24.79
2024-01-01 00:14:06,session_024,Bangalore,SmartTV,CDN-C,7.96,0.77,36.0,0.0,10.65,5,2,2.16,4K,12.96
2024-01-01 00:04:48,session_025,Hyderabad,Android,CDN-A,8.81,0.89,46.14,1.17,14.64,0,0,2.68,1080p,10.23
2024-01-01 00:05:18,session_025,Hyderabad,Android,CDN-A,7.5,0.82,91.68,1.24,10.09,0,0,1.62,1080p,11.04
2024-01-01 00:05:48,session_025,Hyderabad,Android,CDN-A,8.38,0.38,48.9,0.0,17.23,1,0,2.56,1080p,27.41
2024-01-01 00:06:18,session_025,Hyderabad,Android,CDN-A,8.78,0.76,28.3,0.39,23.54,0,0,2.4,720p,21.65
2024-01-01 00:06:48,session_025,Hyderabad,Android,CDN-A,6.82,0.74,25.4,0.03,22.58,1,1,1.86,1080p,20.49
2024-01-01 00:07:18,session_025,Hyderabad,Android,CDN-A,6.92,0.69,70.04,1.29,20.55,2,0,1.61,720p,10.75
2024-01-01 00:07:48,session_025,Hyderabad,Android,CDN-A,7.48,0.84,51.8,0.07,25.69,2,1,1.79,4K,35.13
2024-01-01 00:08:18,session_025,Hyderabad,Android,CDN-A,6.94,0.39,54.06,0.0,13.83,2,1,2.58,4K,12.86
2024-01-01 00:08:48,session_025,Hyderabad,Android,CDN-A,7.88,0.11,54.94,0.0,19.11,2,1,1.6,720p,19.37
2024-01-01 00:09:18,session_025,Hyderabad,Android,CDN-A,7.43,1.18,21.4,1.23,6.86,2,1,2.45,1080p,19.88
2024-01-01 00:09:48,session_025,Hyderabad,Android,CDN-A,7.32,1.03,36.19,1.72,16.02,0,1,2.19,1080p,14.36
2024-01-01 00:10:18,session_025,Hyderabad,Android,CDN-A,7.73,0.68,35.29,1.06,14.99,3,1,1.1,1080p,6.35
2024-01-01 00:10:48,session_025,Hyderabad,Android,CDN-A,7.93,0.39,59.87,0.0,30.0,2,2,1.98,1080p,22.29
2024-01-01 00:11:18,session_025,Hyderabad,Android,CDN-A,6.98,0.38,51.68,0.89,23.53,3,2,1.31,480p,15.74
2024-01-01 00:11:48,session_025,Hyderabad,Android,CDN-A,8.21,0.42,5.08,0.69,18.24,3,2,1.96,720p,26.46
2024-01-01 00:12:18,session_025,Hyderabad,Android,CDN-A,8.84,0.09,81.86,0.0,23.47,3,2,1.37,1080p,21.39
2024-01-01 00:12:48,session_025,Hyderabad,Android,CDN-A,7.77,0.59,16.84,0.0,16.12,3,1,1.58,720p,33.65
2024-01-01 00:13:18,session_025,Hyderabad,Android,CDN-A,7.31,0.82,35.4,0.46,18.12,4,2,3.35,1080p,21.87
2024-01-01 00:13:48,session_025,Hyderabad,Android,CDN-A,8.67,0.65,72.26,0.35,17.24,5,3,1.33,720p,25.28
2024-01-01 00:14:18,session_025,Hyderabad,Android,CDN-A,7.55,0.21,35.36,0.29,8.87,4,2,0.76,720p,25.35
2024-01-01 00:05:00,session_026,Pune,iOS,CDN-B,7.87,0.47,52.97,0.0,21.36,0,0,3.07,1080p,11.17
2024-01-01 00:05:30,session_026,Pune,iOS,CDN-B,9.09,0.59,29.01,0.86,23.16,0,0,1.66,720p,0.0
2024-01-01 00:06:00,session_026,Pune,iOS,CDN-B,7.66,0.84,60.14,0.4,30.27,0,0,1.04,480p,39.48
2024-01-01 00:06:30,session_026,Pune,iOS,CDN-B,8.77,0.15,46.43,0.0,30.8,0,0,1.74,720p,13.88
2024-01-01 00:07:00,session_026,Pune,iOS,CDN-B,9.22,0.81,32.46,0.5,11.38,0,1,1.62,480p,15.29
2024-01-01 00:07:30,session_026,Pune,iOS,CDN-B,7.3,0.0,64.93,1.04,20.03,2,0,1.46,720p,32.32
2024-01-01 00:08:00,session_026,Pune,iOS,CDN-B,8.11,0.62,59.76,1.32,22.91,1,0,1.55,1080p,21.2
2024-01-01 00:08:30,session_026,Pune,iOS,CDN-B,7.55,0.32,52.34,0.0,21.2,0,0,1.17,720p,19.99
2024-01-01 00:09:00,session_026,Pune,iOS,CDN-B,6.68,0.91,45.89,0.0,17.62,3,0,1.78,720p,26.81
2024-01-01 00:09:30,session_026,Pune,iOS,CDN-B,5.94,0.31,46.71,1.04,18.22,4,0,1.56,4K,33.0
2024-01-01 00:10:00,session_026,Pune,iOS,CDN-B,8.04,0.25,39.54,2.33,19.01,0,2,1.44,4K,11.81
2024-01-01 00:10:30,session_026,Pune,iOS,CDN-B,8.72,0.35,45.4,1.55,12.96,2,1,2.84,4K,21.02
2024-01-01 00:11:00,session_026,Pune,iOS,CDN-B,7.51,0.98,47.38,0.1,12.67,0,2,2.35,1080p,10.45
2024-01-01 00:11:30,session_026,Pune,iOS,CDN-B,8.37,0.32,47.82,0.21,19.51,4,2,1.72,480p,24.51
2024-01-01 00:12:00,session_026,Pune,iOS,CDN-B,7.93,0.25,34.4,0.29,18.48,1,1,2.56,720p,23.94
2024-01-01 00:12:30,session_026,Pune,iOS,CDN-B,6.3,0.41,28.5,0.07,12.33,3,1,2.14,4K,27.77
2024-01-01 00:13:00,session_026,Pune,iOS,CDN-B,7.28,0.65,64.11,0.54,19.3,6,1,1.75,1080p,25.14
2024-01-01 00:13:30,session_026,Pune,iOS,CDN-B,7.54,0.49,49.39,0.96,23.96,4,1,2.21,1080p,29.87
2024-01-01 00:14:00,session_026,Pune,iOS,CDN-B,8.25,1.11,19.12,1.0,27.07,3,3,1.68,720p,17.04
2024-01-01 00:14:30,session_026,Pune,iOS,CDN-B,7.98,0.66,58.18,1.56,16.73,7,2,2.21,720p,20.45
2024-01-01 00:05:12,session_027,Mumbai,Web,CDN-C,6.4,0.27,69.77,0.41,19.81,0,0,2.33,1080p,9.7
2024-01-01 00:05:42,session_027,Mumbai,Web,CDN-C,6.45,0.16,54.4,1.43,24.84,1,0,1.31,1080p,4.67
2024-01-01 00:06:12,session_027,Mumbai,Web,CDN-C,9.29,0.47,14.89,0.64,20.52,1,0,2.04,4K,26.21
2024-01-01 00:06:42,session_027,Mumbai,Web,CDN-C,9.1,0.53,28.09,0.76,17.94,1,0,2.89,1080p,15.94
2024-01-01 00:07:12,session_027,Mumbai,Web,CDN-C,7.16,0.23,49.62,0.0,8.09,0,0,0.77,4K,7.19
2024-01-01 00:07:42,session_027,Mumbai,Web,CDN-C,8.16,0.71,49.3,0.0,14.21,3,0,2.19,720p,14.74
2024-01-01 00:08:12,session_027,Mumbai,Web,CDN-C,8.4,0.35,25.72,0.41,20.38,2,0,2.26,720p,16.42
2024-01-01 00:08:42,session_027,Mumbai,Web,CDN-C,5.84,0.77,25.11,0.38,14.31,1,2,2.2,1080p,14.61
2024-01-01 00:09:12,session_027,Mumbai,Web,CDN-C,7.92,0.44,50.04,1.39,10.31,2,0,2.08,480p,19.75
2024-01-01 00:09:42,session_027,Mumbai,Web,CDN-C,8.04,0.45,44.37,0.0,23.6,2,2,1.63,4K,28.82
2024-01-01 00:10:12,session_027,Mumbai,Web,CDN-C,8.63,1.01,29.42,1.02,17.3,3,2,2.35,1080p,3.56
2024-01-01 00:10:42,session_027,Mumbai,Web,CDN-C,8.42,0.35,24.85,0.85,16.73,2,2,0.61,1080p,13.16
2024-01-01 00:11:12,session_027,Mumbai,Web,CDN-C,8.91,0.87,50.65,1.42,18.68,2,1,1.3,1080p,16.04
2024-01-01 00:11:42,session_027,Mumbai,Web,CDN-C,7.68,0.61,54.2,0.23,9.35,2,2,2.04,1080p,24.03
2024-01-01 00:12:12,session_027,Mumbai,Web,CDN-C,7.33,0.0,74.78,0.45,29.99,3,2,2.85,720p,6.65
2024-01-01 00:12:42,session_027,Mumbai,Web,CDN-C,7.63,0.44,55.36,0.83,12.89,3,2,1.08,1080p,10.15
2024-01-01 00:13:12,session_027,Mumbai,Web,CDN-C,6.41,0.75,48.63,0.13,20.99,4,2,2.25,1080p,26.61
2024-01-01 00:13:42,session_027,Mumbai,Web,CDN-C,7.5,0.56,32.08,0.87,21.42,4,2,1.71,480p,20.95
2024-01-01 00:14:12,session_027,Mumbai,Web,CDN-C,8.47,0.9,55.64,0.46,16.05,5,2,1.19,720p,27.36
2024-01-01 00:14:42,session_027,Mumbai,Web,CDN-C,8.79,0.8,35.71,0.95,19.59,5,4,1.53,480p,15.15
2024-01-01 00:05:24,session_028,Delhi,SmartTV,CDN-A,7.54,0.43,75.65,1.24,29.06,0,0,2.33,4K,22.56
2024-01-01 00:05:54,session_028,Delhi,SmartTV,CDN-A,7.68,1.29,37.59,0.03,19.5,0,0,1.79,720p,19.39
2024-01-01 00:06:24,session_028,Delhi,SmartTV,CDN-A,6.49,0.65,37.81,0.0,11.09,0,1,1.53,720p,26.51
2024-01-01 00:06:54,session_028,Delhi,SmartTV,CDN-A,8.2,0.47,80.09,0.44,33.23,0,0,2.16,1080p,20.59
2024-01-01 00:07:24,session_028,Delhi,SmartTV,CDN-A,8.13,0.78,55.14,0.17,10.08,1,0,2.72,1080p,27.49
2024-01-01 00:07:54,session_028,Delhi,SmartTV,CDN-A,7.56,0.37,27.53,1.0,23.81,2,1,2.7,4K,20.89
2024-01-01 00:08:24,session_028,Delhi,SmartTV,CDN-A,8.21,0.68,23.92,0.24,16.48,1,1,2.14,1080p,17.39
2024-01-01 00:08:54,session_028,Delhi,SmartTV,CDN-A,8.26,0.74,31.65,0.51,25.72,2,1,2.14,4K,27.74
2024-01-01 00:09:24,session_028,Delhi,SmartTV,CDN-A,6.85,0.6,89.03,1.06,18.44,2,0,2.07,1080p,27.23
2024-01-01 00:09:54,session_028,Delhi,SmartTV,CDN-A,7.91,0.62,53.25,0.84,17.69,0,1,2.32,1080p,31.45
2024-01-01 00:10:24,session_028,Delhi,SmartTV,CDN-A,6.59,0.82,33.64,1.61,12.17,1,1,1.93,1080p,12.7
2024-01-01 00:10:54,session_028,Delhi,SmartTV,CDN-A,6.68,0.42,44.31,0.0,20.36,4,0,1.44,720p,15.52
2024-01-01 00:11:24,session_028,Delhi,SmartTV,CDN-A,7.54,0.61,47.55,0.89,25.55,3,2,2.12,1080p,17.47
2024-01-01 00:11:54,session_028,Delhi,SmartTV,CDN-A,7.93,0.7,56.15,0.0,11.66,4,0,2.4,4K,25.01
2024-01-01 00:12:24,session_028,Delhi,SmartTV,CDN-A,8.2,0.25,62.38,0.01,14.8,4,2,1.41,720p,9.52
2024-01-01 00:12:54,session_028,Delhi,SmartTV,CDN-A,8.43,0.43,54.89,0.0,20.32,4,1,2.95,4K,28.92
2024-01-01 00:13:24,session_028,Delhi,SmartTV,CDN-A,7.4,0.47,33.64,0.24,6.05,5,2,2.47,480p,18.31
2024-01-01 00:13:54,session_028,Delhi,SmartTV,CDN-A,7.61,0.72,55.48,0.42,17.85,3,2,2.26,1080p,28.59
2024-01-01 00:14:24,session_028,Delhi,SmartTV,CDN-A,7.73,0.07,47.61,1.76,13.21,4,2,1.91,720p,26.17
2024-01-01 00:14:54,session_028,Delhi,SmartTV,CDN-A,7.77,0.09,39.7,0.18,12.86,4,2,1.79,1080p,26.81
2024-01-01 00:05:36,session_029,Bangalore,Android,CDN-B,5.91,0.35,73.15,0.0,14.41,0,0,1.7,1080p,16.02
2024-01-01 00:06:06,session_029,Bangalore,Android,CDN-B,8.15,0.15,50.71,0.46,20.5,0,0,2.87,4K,21.99
2024-01-01 00:06:36,session_029,Bangalore,Android,CDN-B,7.31,0.32,16.24,0.05,12.15,0,0,1.87,720p,13.6
2024-01-01 00:07:06,session_029,Bangalore,Android,CDN-B,8.55,0.67,56.53,1.49,25.92,0,1,1.7,720p,24.44
2024-01-01 00:07:36,session_029,Bangalore,Android,CDN-B,8.41,0.37,81.65,0.0,19.99,0,0,1.42,1080p,8.68
2024-01-01 00:08:06,session_029,Bangalore,Android,CDN-B,7.59,0.0,65.64,1.71,12.43,1,0,1.74,1080p,32.88
2024-01-01 00:08:36,session_029,Bangalore,Android,CDN-B,7.32,0.65,40.69,1.54,27.44,2,1,2.55,720p,25.41
2024-01-01 00:09:06,session_029,Bangalore,Android,CDN-B,8.11,0.42,44.97,1.7,23.15,1,0,0.86,1080p,11.77
2024-01-01 00:09:36,session_029,Bangalore,Android,CDN-B,8.62,0.88,26.32,0.92,18.81,1,1,2.01,4K,15.5
2024-01-01 00:10:06,session_029,Bangalore,Android,CDN-B,7.09,0.78,41.5,0.83,21.69,2,1,2.06,480p,0.66
2024-01-01 00:10:36,session_029,Bangalore,Android,CDN-B,7.64,0.0,31.64,1.77,9.37,2,0,2.04,1080p,31.77
2024-01-01 00:11:06,session_029,Bangalore,Android,CDN-B,7.9,0.14,66.77,0.45,4.07,2,1,1.77,1080p,23.41
2024-01-01 00:11:36,session_029,Bangalore,Android,CDN-B,8.03,0.98,63.9,0.0,16.46,4,1,1.6,720p,20.65
2024-01-01 00:12:06,session_029,Bangalore,Android,CDN-B,9.15,0.55,72.66,0.06,18.22,2,2,0.71,4K,7.97
2024-01-01 00:12:36,session_029,Bangalore,Android,CDN-B,8.2,0.7,55.81,1.53,15.24,3,2,2.81,720p,16.81
2024-01-01 00:13:06,session_029,Bangalore,Android,CDN-B,6.76,0.15,51.67,1.04,19.03,5,1,2.41,4K,8.47
2024-01-01 00:13:36,session_029,Bangalore,Android,CDN-B,8.42,0.71,63.74,1.76,12.59,4,3,1.67,1080p,15.76
2024-01-01 00:14:06,session_029,Bangalore,Android,CDN-B,9.74,0.22,35.12,0.0,16.35,4,3,1.92,1080p,28.44
2024-01-01 00:14:36,session_029,Bangalore,Android,CDN-B,7.53,0.0,44.29,0.0,16.65,5,3,3.41,4K,15.47
2024-01-01 00:15:06,session_029,Bangalore,Android,CDN-B,9.34,0.84,53.14,0.0,12.0,5,3,1.18,1080p,18.79
2024-01-01 00:05:48,session_030,Hyderabad,iOS,CDN-C,7.99,0.37,81.81,0.97,21.11,0,0,1.63,4K,37.31
2024-01-01 00:06:18,session_030,Hyderabad,iOS,CDN-C,8.24,0.18,41.63,1.1,18.73,0,0,1.78,1080p,26.99
2024-01-01 00:06:48,session_030,Hyderabad,iOS,CDN-C,6.75,0.25,81.09,1.59,17.02,0,0,2.48,480p,15.31
2024-01-01 00:07:18,session_030,Hyderabad,iOS,CDN-C,8.26,0.0,49.72,0.63,8.51,0,0,1.82,1080p,6.79
2024-01-01 00:07:48,session_030,Hyderabad,iOS,CDN-C,7.35,0.66,35.95,0.5,21.65,2,0,2.41,1080p,26.04
2024-01-01 00:08:18,session_030,Hyderabad,iOS,CDN-C,8.05,0.14,55.02,0.34,15.14,0,0,1.82,1080p,12.21
2024-01-01 00:08:48,session_030,Hyderabad,iOS,CDN-C,7.66,0.93,60.45,0.38,15.09,0,0,3.54,1080p,18.66
2024-01-01 00:09:18,session_030,Hyderabad,iOS,CDN-C,6.73,0.72,36.02,1.05,20.56,0,1,0.98,1080p,12.47
2024-01-01 00:09:48,session_030,Hyderabad,iOS,CDN-C,9.19,0.29,42.47,2.03,14.02,1,1,2.54,1080p,27.06
2024-01-01 00:10:18,session_030,Hyderabad,iOS,CDN-C,8.02,0.0,51.64,0.64,15.36,3,0,2.11,4K,17.69
2024-01-01 00:10:48,session_030,Hyderabad,iOS,CDN-C,7.69,0.43,61.56,1.89,22.11,2,1,1.96,480p,23.03
2024-01-01 00:11:18,session_030,Hyderabad,iOS,CDN-C,5.8,0.33,62.55,0.0,24.92,0,1,2.66,4K,11.96
2024-01-01 00:11:48,session_030,Hyderabad,iOS,CDN-C,8.09,0.77,22.83,0.83,14.16,1,1,2.14,4K,20.88
2024-01-01 00:12:18,session_030,Hyderabad,iOS,CDN-C,8.87,0.14,17.2,0.04,9.79,2,1,1.52,1080p,14.24
2024-01-01 00:12:48,session_030,Hyderabad,iOS,CDN-C,7.58,0.0,40.21,0.0,16.33,4,2,1.03,1080p,17.56
2024-01-01 00:13:18,session_030,Hyderabad,iOS,CDN-C,7.22,0.5,23.42,0.91,10.68,1,2,2.2,720p,37.25
2024-01-01 00:13:48,session_030,Hyderabad,iOS,CDN-C,8.36,0.58,49.47,1.14,11.38,5,2,1.77,720p,31.98
2024-01-01 00:14:18,session_030,Hyderabad,iOS,CDN-C,7.45,0.27,60.34,0.0,24.67,2,2,1.44,480p,12.84
2024-01-01 00:14:48,session_030,Hyderabad,iOS,CDN-C,6.4,0.8,57.62,1.01,22.56,6,3,1.63,1080p,24.09
2024-01-01 00:15:18,session_030,Hyderabad,iOS,CDN-C,7.8,0.92,50.5,1.89,17.21,4,3,1.41,1080p,20.21
2024-01-01 00:06:00,session_031,Pune,Web,CDN-A,7.35,0.43,55.41,1.2,16.83,0,0,1.32,720p,6.15
2024-01-01 00:06:30,session_031,Pune,Web,CDN-A,6.49,0.53,57.57,0.0,16.93,0,0,2.69,1080p,18.78
2024-01-01 00:07:00,session_031,Pune,Web,CDN-A,8.64,0.39,65.35,0.0,20.28,0,0,2.2,1080p,17.75
2024-01-01 00:07:30,session_031,Pune,Web,CDN-A,7.48,0.4,45.18,0.23,28.36,0,0,1.69,720p,27.05
2024-01-01 00:08:00,session_031,Pune,Web,CDN-A,7.54,0.45,59.9,0.0,21.65,0,0,1.92,720p,31.2
2024-01-01 00:08:30,session_031,Pune,Web,CDN-A,6.7,0.16,46.08,0.24,17.2,1,1,2.41,1080p,19.49
2024-01-01 00:09:00,session_031,Pune,Web,CDN-A,8.08,1.05,30.45,1.31,20.48,2,1,0.99,720p,19.49
2024-01-01 00:09:30,session_031,Pune,Web,CDN-A,7.61,0.79,59.14,0.0,3.73,1,1,2.99,1080p,5.28
2024-01-01 00:10:00,session_031,Pune,Web,CDN-A,6.48,0.46,40.35,1.07,17.38,1,1,1.82,720p,27.36
2024-01-01 00:10:30,session_031,Pune,Web,CDN-A,6.67,0.44,31.51,0.67,21.63,2,1,1.59,4K,5.64
2024-01-01 00:11:00,session_031,Pune,Web,CDN-A,8.38,0.53,26.62,0.88,18.5,3,2,2.44,4K,20.55
2024-01-01 00:11:30,session_031,Pune,Web,CDN-A,7.7,0.43,55.11,0.55,22.84,2,1,1.68,1080p,24.1
2024-01-01 00:12:00,session_031,Pune,Web,CDN-A,7.47,0.32,30.81,0.37,21.55,3,1,3.83,720p,5.83
2024-01-01 00:12:30,session_031,Pune,Web,CDN-A,8.36,0.26,54.12,0.91,22.04,3,2,1.73,720p,0.0
2024-01-01 00:13:00,session_031,Pune,Web,CDN-A,7.46,0.53,23.7,0.21,24.66,3,1,2.25,1080p,30.03
2024-01-01 00:13:30,session_031,Pune,Web,CDN-A,8.43,0.0,64.3,1.04,13.82,4,2,1.66,720p,0.0
2024-01-01 00:14:00,session_031,Pune,Web,CDN-A,7.89,0.28,48.56,0.35,13.61,4,3,3.09,720p,22.74
2024-01-01 00:14:30,session_031,Pune,Web,CDN-A,6.9,0.51,64.8,0.7,25.79,4,2,2.21,1080p,21.79
2024-01-01 00:15:00,session_031,Pune,Web,CDN-A,7.73,0.06,41.28,0.23,13.2,5,4,2.14,480p,8.75
2024-01-01 00:15:30,session_031,Pune,Web,CDN-A,7.98,0.53,55.86,1.04,9.46,6,3,2.5,1080p,12.48
2024-01-01 00:06:12,session_032,Mumbai,SmartTV,CDN-B,10.32,0.16,53.45,2.39,17.51,0,0,1.52,480p,36.7
2024-01-01 00:06:42,session_032,Mumbai,SmartTV,CDN-B,7.87,0.13,85.97,0.98,30.07,0,0,1.07,4K,26.77
2024-01-01 00:07:12,session_032,Mumbai,SmartTV,CDN-B,9.47,0.56,65.29,0.84,26.44,0,0,1.85,480p,23.88
2024-01-01 00:07:42,session_032,Mumbai,SmartTV,CDN-B,8.75,0.18,71.89,0.05,13.07,0,0,2.88,1080p,20.51
2024-01-01 00:08:12,session_032,Mumbai,SmartTV,CDN-B,8.97,0.34,31.31,0.49,23.11,1,0,1.72,1080p,30.8
2024-01-01 00:08:42,session_032,Mumbai,SmartTV,CDN-B,7.58,0.79,62.43,1.12,13.45,1,0,2.54,4K,27.76
2024-01-01 00:09:12,session_032,Mumbai,SmartTV,CDN-B,8.36,0.46,54.02,1.83,33.26,2,0,0.57,480p,17.61
2024-01-01 00:09:42,session_032,Mumbai,SmartTV,CDN-B,7.26,0.48,30.75,0.0,11.89,2,1,2.22,1080p,0.0
2024-01-01 00:10:12,session_032,Mumbai,SmartTV,CDN-B,6.73,1.09,31.39,0.0,24.05,1,0,1.42,720p,13.01
2024-01-01 00:10:42,session_032,Mumbai,SmartTV,CDN-B,7.18,0.64,33.58,0.0,23.22,2,2,0.61,720p,21.25
2024-01-01 00:11:12,session_032,Mumbai,SmartTV,CDN-B,7.71,0.04,68.39,1.35,21.77,2,1,2.42,720p,24.24
2024-01-01 00:11:42,session_032,Mumbai,SmartTV,CDN-B,7.21,0.34,44.66,0.53,18.61,1,2,1.64,1080p,19.34
2024-01-01 00:12:12,session_032,Mumbai,SmartTV,CDN-B,9.59,0.85,34.09,0.9,10.18,3,1,2.24,1080p,13.91
2024-01-01 00:12:42,session_032,Mumbai,SmartTV,CDN-B,7.5,0.56,39.03,0.67,13.6,3,2,2.5,1080p,19.33
2024-01-01 00:13:12,session_032,Mumbai,SmartTV,CDN-B,8.19,0.0,32.11,0.39,18.3,4,1,2.16,720p,11.55
2024-01-01 00:13:42,session_032,Mumbai,SmartTV,CDN-B,7.3,0.38,40.45,0.41,14.66,4,1,1.84,480p,15.23
2024-01-01 00:14:12,session_032,Mumbai,SmartTV,CDN-B,7.48,0.46,80.91,1.11,10.17,5,2,1.96,1080p,18.37
2024-01-01 00:14:42,session_032,Mumbai,SmartTV,CDN-B,8.26,0.0,46.78,2.24,18.18,4,3,1.83,720p,1.61
2024-01-01 00:15:12,session_032,Mumbai,SmartTV,CDN-B,8.06,0.04,75.83,0.0,10.38,5,2,1.77,1080p,31.87
2024-01-01 00:15:42,session_032,Mumbai,SmartTV,CDN-B,7.39,0.66,38.05,0.0,17.49,4,3,2.18,1080p,24.65
2024-01-01 00:06:24,session_033,Delhi,Android,CDN-C,7.93,0.84,52.81,1.46,32.72,0,0,2.94,720p,18.12
2024-01-01 00:06:54,session_033,Delhi,Android,CDN-C,8.29,0.95,54.94,0.47,18.96,0,0,1.98,4K,13.64
2024-01-01 00:07:24,session_033,Delhi,Android,CDN-C,5.77,0.81,26.27,0.47,18.25,1,0,2.16,480p,15.26
2024-01-01 00:07:54,session_033,Delhi,Android,CDN-C,7.7,0.76,38.8,1.3,32.1,0,0,1.88,4K,29.88
2024-01-01 00:08:24,session_033,Delhi,Android,CDN-C,8.18,0.33,68.98,0.0,14.6,3,1,2.36,720p,12.66
2024-01-01 00:08:54,session_033,Delhi,Android,CDN-C,9.07,0.33,37.97,0.0,15.47,0,0,2.54,1080p,26.69
2024-01-01 00:09:24,session_033,Delhi,Android,CDN-C,8.32,0.58,64.06,0.52,18.64,0,1,1.34,1080p,26.64
2024-01-01 00:09:54,session_033,Delhi,Android,CDN-C,7.05,0.22,37.31,0.67,19.22,1,1,1.95,720p,23.26
2024-01-01 00:10:24,session_033,Delhi,Android,CDN-C,7.41,0.43,58.49,1.0,15.43,0,1,2.31,1080p,31.75
2024-01-01 00:10:54,session_033,Delhi,Android,CDN-C,7.44,0.56,20.69,1.26,5.22,0,1,0.39,1080p,16.37
2024-01-01 00:11:24,session_033,Delhi,Android,CDN-C,6.7,0.77,67.56,0.0,20.8,2,1,3.25,1080p,34.24
2024-01-01 00:11:54,session_033,Delhi,Android,CDN-C,9.48,0.59,52.78,0.88,14.7,3,0,1.57,720p,25.97
2024-01-01 00:12:24,session_033,Delhi,Android,CDN-C,7.08,0.06,20.28,0.25,16.54,3,0,2.14,1080p,24.67
2024-01-01 00:12:54,session_033,Delhi,Android,CDN-C,6.69,0.7,62.07,0.0,23.69,4,1,2.08,720p,35.41
2024-01-01 00:13:24,session_033,Delhi,Android,CDN-C,8.36,0.89,43.81,0.06,12.58,4,3,2.21,1080p,3.91
2024-01-01 00:13:54,session_033,Delhi,Android,CDN-C,8.0,0.7,63.4,0.93,21.03,3,2,2.43,1080p,19.6
2024-01-01 00:14:24,session_033,Delhi,Android,CDN-C,7.98,0.54,21.76,0.0,17.42,3,2,1.32,480p,17.23
2024-01-01 00:14:54,session_033,Delhi,Android,CDN-C,8.35,0.63,43.29,0.0,11.96,4,3,1.66,720p,21.57
2024-01-01 00:15:24,session_033,Delhi,Android,CDN-C,7.08,0.89,53.54,0.0,28.16,6,1,3.06,1080p,7.04
2024-01-01 00:15:54,session_033,Delhi,Android,CDN-C,8.32,0.56,47.92,1.01,16.11,4,1,2.75,4K,18.68
2024-01-01 00:06:36,session_034,Bangalore,iOS,CDN-A,6.3,1.02,34.69,1.35,20.13,1,0,2.34,720p,9.82
2024-01-01 00:07:06,session_034,Bangalore,iOS,CDN-A,8.87,1.34,62.18,0.36,23.71,0,0,1.02,1080p,22.74
2024-01-01 00:07:36,session_034,Bangalore,iOS,CDN-A,8.27,0.45,75.47,0.0,10.89,1,0,2.77,720p,23.98
2024-01-01 00:08:06,session_034,Bangalore,iOS,CDN-A,8.07,0.54,0.95,1.05,21.78,0,0,2.32,1080p,23.61
2024-01-01 00:08:36,session_034,Bangalore,iOS,CDN-A,7.78,0.47,25.45,1.58,27.47,0,0,1.89,1080p,21.32
2024-01-01 00:09:06,session_034,Bangalore,iOS,CDN-A,8.49,0.94,60.01,1.28,18.76,0,1,1.57,480p,16.25
2024-01-01 00:09:36,session_034,Bangalore,iOS,CDN-A,7.67,0.7,40.93,0.94,13.82,2,0,1.11,480p,10.6
2024-01-01 00:10:06,session_034,Bangalore,iOS,CDN-A,8.11,0.83,58.07,0.97,14.67,2,0,1.56,1080p,16.91
2024-01-01 00:10:36,session_034,Bangalore,iOS,CDN-A,8.15,0.18,55.33,1.33,21.26,3,1,1.87,1080p,18.6
2024-01-01 00:11:06,session_034,Bangalore,iOS,CDN-A,7.83,0.92,41.02,0.0,21.15,2,0,1.55,1080p,17.91
2024-01-01 00:11:36,session_034,Bangalore,iOS,CDN-A,7.39,0.22,38.65,2.29,16.32,1,0,2.94,1080p,14.85
2024-01-01 00:12:06,session_034,Bangalore,iOS,CDN-A,6.66,0.87,37.82,0.81,32.59,1,1,2.07,1080p,18.2
2024-01-01 00:12:36,session_034,Bangalore,iOS,CDN-A,9.26,0.61,51.78,0.37,2.28,5,1,2.4,1080p,29.85
2024-01-01 00:13:06,session_034,Bangalore,iOS,CDN-A,7.61,0.34,29.36,0.87,15.63,2,2,2.98,720p,20.2
2024-01-01 00:13:36,session_034,Bangalore,iOS,CDN-A,7.39,0.29,55.69,0.84,23.48,2,3,2.47,720p,26.18
2024-01-01 00:14:06,session_034,Bangalore,iOS,CDN-A,7.39,0.14,51.02,0.75,25.12,4,2,1.88,720p,21.69
2024-01-01 00:14:36,session_034,Bangalore,iOS,CDN-A,8.58,0.26,28.37,0.42,14.36,4,2,2.87,1080p,23.56
2024-01-01 00:15:06,session_034,Bangalore,iOS,CDN-A,6.83,0.75,78.8,1.12,19.76,2,2,2.55,720p,35.41
2024-01-01 00:15:36,session_034,Bangalore,iOS,CDN-A,7.49,0.58,63.86,0.38,13.89,3,2,1.58,480p,22.58
2024-01-01 00:16:06,session_034,Bangalore,iOS,CDN-A,7.72,0.75,72.43,2.12,19.75,6,3,0.98,720p,27.15
2024-01-01 00:06:48,session_035,Hyderabad,Web,CDN-B,7.16,0.83,74.54,0.37,18.9,0,0,2.03,4K,12.82
2024-01-01 00:07:18,session_035,Hyderabad,Web,CDN-B,6.76,0.93,41.25,0.66,14.91,0,0,2.23,1080p,11.9
2024-01-01 00:07:48,session_035,Hyderabad,Web,CDN-B,7.62,0.52,6.83,0.8,14.51,0,0,2.1,720p,15.94
2024-01-01 00:08:18,session_035,Hyderabad,Web,CDN-B,8.0,0.5,76.26,0.52,17.32,0,0,2.92,720p,7.74
2024-01-01 00:08:48,session_035,Hyderabad,Web,CDN-B,8.21,0.64,35.0,0.0,21.31,2,1,1.81,720p,10.74
2024-01-01 00:09:18,session_035,Hyderabad,Web,CDN-B,8.54,0.39,83.69,1.07,11.45,1,1,3.44,1080p,22.92
2024-01-01 00:09:48,session_035,Hyderabad,Web,CDN-B,6.93,0.48,41.99,1.13,25.63,1,1,1.84,480p,2.02
2024-01-01 00:10:18,session_035,Hyderabad,Web,CDN-B,8.85,0.7,27.97,1.31,15.42,2,0,1.36,720p,35.67
2024-01-01 00:10:48,session_035,Hyderabad,Web,CDN-B,6.83,0.15,16.07,1.73,25.86,1,2,2.36,1080p,14.64
2024-01-01 00:11:18,session_035,Hyderabad,Web,CDN-B,7.74,0.43,61.38,0.58,18.61,2,1,1.89,720p,25.83
2024-01-01 00:11:48,session_035,Hyderabad,Web,CDN-B,8.1,0.66,31.55,1.31,20.88,2,1,2.56,1080p,14.88
2024-01-01 00:12:18,session_035,Hyderabad,Web,CDN-B,6.67,0.33,98.52,1.36,17.2,1,2,1.22,4K,22.23
2024-01-01 00:12:48,session_035,Hyderabad,Web,CDN-B,7.64,0.51,63.79,0.43,11.73,3,2,2.17,4K,31.67
2024-01-01 00:13:18,session_035,Hyderabad,Web,CDN-B,6.58,0.43,44.45,0.92,7.73,3,1,1.69,1080p,15.35
2024-01-01 00:13:48,session_035,Hyderabad,Web,CDN-B,8.12,0.57,78.81,0.75,18.28,3,2,1.97,4K,15.83
2024-01-01 00:14:18,session_035,Hyderabad,Web,CDN-B,6.56,0.54,54.8,0.6,18.67,4,2,1.95,1080p,25.6
2024-01-01 00:14:48,session_035,Hyderabad,Web,CDN-B,9.08,0.42,28.12,0.53,15.47,1,1,0.65,480p,22.77
2024-01-01 00:15:18,session_035,Hyderabad,Web,CDN-B,7.85,0.05,32.76,0.61,28.54,4,2,2.44,1080p,16.36
2024-01-01 00:15:48,session_035,Hyderabad,Web,CDN-B,7.89,1.1,78.33,0.1,15.24,4,3,3.12,720p,12.19
2024-01-01 00:16:18,session_035,Hyderabad,Web,CDN-B,8.03,0.91,54.08,0.57,26.61,5,4,0.73,1080p,13.51
2024-01-01 00:07:00,session_036,Pune,SmartTV,CDN-C,7.12,0.4,62.31,0.0,21.17,0,0,2.22,720p,25.06
2024-01-01 00:07:30,session_036,Pune,SmartTV,CDN-C,7.48,0.35,32.43,0.5,20.51,0,1,2.65,1080p,17.41
2024-01-01 00:08:00,session_036,Pune,SmartTV,CDN-C,7.29,0.44,26.81,0.49,30.99,0,0,1.69,1080p,7.76
2024-01-01 00:08:30,session_036,Pune,SmartTV,CDN-C,6.87,0.38,40.81,0.42,17.13,1,0,1.34,480p,5.53
2024-01-01 00:09:00,session_036,Pune,SmartTV,CDN-C,8.56,0.63,6.12,0.3,16.46,1,0,1.04,1080p,32.94
2024-01-01 00:09:30,session_036,Pune,SmartTV,CDN-C,8.13,1.0,24.48,0.39,11.23,0,0,2.36,720p,22.05
2024-01-01 00:10:00,session_036,Pune,SmartTV,CDN-C,7.14,0.31,32.48,0.13,26.43,1,0,2.0,480p,18.69
2024-01-01 00:10:30,session_036,Pune,SmartTV,CDN-C,7.37,0.0,27.84,1.25,26.92,0,1,2.31,1080p,20.82
2024-01-01 00:11:00,session_036,Pune,SmartTV,CDN-C,7.32,0.04,31.03,0.59,25.23,3,0,1.87,4K,0.59
2024-01-01 00:11:30,session_036,Pune,SmartTV,CDN-C,8.2,0.63,65.95,0.37,6.46,1,1,1.88,1080p,11.76
2024-01-01 00:12:00,session_036,Pune,SmartTV,CDN-C,7.21,0.33,44.98,0.0,29.57,2,1,2.15,1080p,5.47
2024-01-01 00:12:30,session_036,Pune,SmartTV,CDN-C,7.47,0.66,63.08,1.53,14.79,2,1,1.72,720p,4.74
2024-01-01 00:13:00,session_036,Pune,SmartTV,CDN-C,7.23,0.7,53.41,0.81,19.87,1,1,2.36,1080p,19.88
2024-01-01 00:13:30,session_036,Pune,SmartTV,CDN-C,8.01,0.4,29.87,0.38,38.56,4,1,1.92,4K,26.97
2024-01-01 00:14:00,session_036,Pune,SmartTV,CDN-C,7.17,0.54,57.03,0.63,15.32,2,3,2.19,4K,24.64
2024-01-01 00:14:30,session_036,Pune,SmartTV,CDN-C,8.15,0.91,26.73,0.0,17.66,4,1,3.43,1080p,12.42
2024-01-01 00:15:00,session_036,Pune,SmartTV,CDN-C,8.23,0.76,52.3,0.37,20.17,3,2,1.51,1080p,9.08
2024-01-01 00:15:30,session_036,Pune,SmartTV,CDN-C,7.87,0.61,50.1,0.0,22.84,4,3,1.64,720p,16.93
2024-01-01 00:16:00,session_036,Pune,SmartTV,CDN-C,9.36,0.38,11.48,0.9,23.99,5,2,2.58,720p,24.31
2024-01-01 00:16:30,session_036,Pune,SmartTV,CDN-C,7.55,1.01,27.94,0.84,24.58,5,3,2.95,480p,25.45
2024-01-01 00:07:12,session_037,Mumbai,Android,CDN-A,8.46,0.67,30.98,0.0,15.77,0,0,1.74,1080p,13.71
2024-01-01 00:07:42,session_037,Mumbai,Android,CDN-A,7.73,0.89,28.2,1.26,23.71,0,0,2.54,1080p,17.96
2024-01-01 00:08:12,session_037,Mumbai,Android,CDN-A,7.31,0.75,38.46,1.48,11.8,0,0,1.58,1080p,15.36
2024-01-01 00:08:42,session_037,Mumbai,Android,CDN-A,7.89,0.06,28.95,0.0,25.86,0,0,1.89,720p,17.07
2024-01-01 00:09:12,session_037,Mumbai,Android,CDN-A,7.56,1.06,32.3,0.94,19.16,1,0,2.03,1080p,9.65
2024-01-01 00:09:42,session_037,Mumbai,Android,CDN-A,8.33,0.59,59.43,0.88,11.34,1,1,1.65,720p,19.2
2024-01-01 00:10:12,session_037,Mumbai,Android,CDN-A,7.35,0.53,35.42,0.26,16.25,1,0,3.25,720p,7.89
2024-01-01 00:10:42,session_037,Mumbai,Android,CDN-A,7.05,1.01,71.12,0.78,17.85,2,0,1.03,4K,31.39
2024-01-01 00:11:12,session_037,Mumbai,Android,CDN-A,6.47,0.5,54.25,0.45,13.82,3,0,1.45,4K,13.76
2024-01-01 00:11:42,session_037,Mumbai,Android,CDN-A,7.35,0.34,54.44,0.44,29.14,2,1,2.63,4K,24.05
2024-01-01 00:12:12,session_037,Mumbai,Android,CDN-A,7.51,0.64,48.7,0.0,20.9,3,1,1.18,4K,27.87
2024-01-01 00:12:42,session_037,Mumbai,Android,CDN-A,8.83,0.56,20.03,1.75,24.68,1,1,1.42,4K,6.55
2024-01-01 00:13:12,session_037,Mumbai,Android,CDN-A,8.02,0.45,54.53,0.0,17.9,1,1,2.57,720p,22.92
2024-01-01 00:13:42,session_037,Mumbai,Android,CDN-A,8.23,0.46,48.85,0.83,26.64,2,2,1.41,1080p,22.84
2024-01-01 00:14:12,session_037,Mumbai,Android,CDN-A,8.1,0.3,51.9,0.0,25.23,3,2,1.97,4K,23.19
2024-01-01 00:14:42,session_037,Mumbai,Android,CDN-A,8.08,0.69,33.83,1.4,11.89,3,2,2.56,1080p,15.04
2024-01-01 00:15:12,session_037,Mumbai,Android,CDN-A,8.48,0.84,17.86,0.0,23.9,5,2,2.23,480p,30.38
2024-01-01 00:15:42,session_037,Mumbai,Android,CDN-A,9.49,0.27,56.26,1.46,11.44,4,4,2.77,1080p,36.36
2024-01-01 00:16:12,session_037,Mumbai,Android,CDN-A,8.79,0.55,27.0,0.0,29.85,4,1,2.55,1080p,6.58
2024-01-01 00:16:42,session_037,Mumbai,Android,CDN-A,7.62,0.33,56.31,1.7,20.29,4,2,1.84,1080p,9.44
2024-01-01 00:07:24,session_038,Delhi,iOS,CDN-B,8.44,0.28,58.15,0.5,21.07,0,0,1.82,1080p,0.0
2024-01-01 00:07:54,session_038,Delhi,iOS,CDN-B,9.51,0.7,30.12,0.27,20.54,0,0,2.48,4K,10.51
2024-01-01 00:08:24,session_038,Delhi,iOS,CDN-B,9.42,0.0,40.74,2.22,16.46,1,0,0.7,1080p,15.53
2024-01-01 00:08:54,session_038,Delhi,iOS,CDN-B,8.28,0.74,26.03,1.34,14.96,1,0,2.52,480p,29.0
2024-01-01 00:09:24,session_038,Delhi,iOS,CDN-B,8.94,1.1,83.99,0.98,19.23,0,0,1.76,720p,26.65
2024-01-01 00:09:54,session_038,Delhi,iOS,CDN-B,6.98,0.67,17.13,0.0,12.1,0,0,1.74,720p,28.4
2024-01-01 00:10:24,session_038,Delhi,iOS,CDN-B,6.85,0.62,15.34,0.72,16.33,0,0,1.16,4K,21.03
2024-01-01 00:10:54,session_038,Delhi,iOS,CDN-B,7.3,0.23,38.14,1.19,15.66,0,1,1.43,1080p,14.31
2024-01-01 00:11:24,session_038,Delhi,iOS,CDN-B,8.31,0.66,19.86,2.1,16.87,3,1,2.52,720p,31.95
2024-01-01 00:11:54,session_038,Delhi,iOS,CDN-B,7.95,0.67,34.95,0.0,23.39,3,1,2.7,720p,18.56
2024-01-01 00:12:24,session_038,Delhi,iOS,CDN-B,7.34,0.5,39.3,1.11,19.76,1,3,0.99,1080p,23.4
2024-01-01 00:12:54,session_038,Delhi,iOS,CDN-B,7.79,0.96,40.84,0.71,7.43,3,2,2.17,1080p,15.8
2024-01-01 00:13:24,session_038,Delhi,iOS,CDN-B,8.04,0.77,0.0,0.0,14.19,3,1,2.08,1080p,22.92
2024-01-01 00:13:54,session_038,Delhi,iOS,CDN-B,8.54,0.44,39.76,1.51,17.64,2,1,2.67,1080p,44.87
2024-01-01 00:14:24,session_038,Delhi,iOS,CDN-B,7.79,0.47,59.45,0.27,34.06,3,1,1.98,720p,19.0
2024-01-01 00:14:54,session_038,Delhi,iOS,CDN-B,8.17,0.59,43.61,0.69,22.97,4,2,1.64,1080p,27.34
2024-01-01 00:15:24,session_038,Delhi,iOS,CDN-B,8.28,0.11,55.13,0.94,15.69,5,1,2.82,480p,23.23
2024-01-01 00:15:54,session_038,Delhi,iOS,CDN-B,8.08,0.02,60.41,0.98,17.86,3,1,1.09,1080p,22.33
2024-01-01 00:16:24,session_038,Delhi,iOS,CDN-B,7.18,0.55,30.04,0.22,25.91,4,2,0.95,480p,32.08
2024-01-01 00:16:54,session_038,Delhi,iOS,CDN-B,8.13,0.12,41.95,0.96,24.2,5,3,2.07,1080p,28.81
2024-01-01 00:07:36,session_039,Bangalore,Web,CDN-C,8.06,0.0,66.97,0.1,29.32,0,0,0.79,1080p,23.43
2024-01-01 00:08:06,session_039,Bangalore,Web,CDN-C,7.35,0.0,43.93,0.0,21.52,0,0,3.46,720p,16.13
2024-01-01 00:08:36,session_039,Bangalore,Web,CDN-C,8.01,0.75,44.98,0.15,9.95,0,1,2.46,720p,32.34
2024-01-01 00:09:06,session_039,Bangalore,Web,CDN-C,8.47,0.41,31.65,0.0,20.34,1,1,2.61,480p,22.5
2024-01-01 00:09:36,session_039,Bangalore,Web,CDN-C,7.55,0.66,27.35,0.0,17.58,0,0,2.47,720p,11.84
2024-01-01 00:10:06,session_039,Bangalore,Web,CDN-C,8.68,0.34,58.72,0.56,11.16,0,0,1.64,720p,18.87
2024-01-01 00:10:36,session_039,Bangalore,Web,CDN-C,8.59,0.52,31.93,0.51,8.97,0,0,1.85,720p,16.03
2024-01-01 00:11:06,session_039,Bangalore,Web,CDN-C,7.93,0.57,47.55,1.09,27.38,2,1,1.0,720p,11.75
2024-01-01 00:11:36,session_039,Bangalore,Web,CDN-C,7.52,0.25,33.36,0.56,16.01,2,0,2.3,1080p,19.24
2024-01-01 00:12:06,session_039,Bangalore,Web,CDN-C,7.57,0.66,56.86,0.0,14.19,2,1,2.84,720p,20.06
2024-01-01 00:12:36,session_039,Bangalore,Web,CDN-C,8.44,0.33,46.4,0.97,21.83,2,1,2.9,1080p,23.76
2024-01-01 00:13:06,session_039,Bangalore,Web,CDN-C,8.02,0.55,52.19,0.0,34.38,3,1,2.62,480p,3.29
2024-01-01 00:13:36,session_039,Bangalore,Web,CDN-C,8.1,0.0,28.93,0.0,10.74,4,2,2.16,4K,20.17
2024-01-01 00:14:06,session_039,Bangalore,Web,CDN-C,8.43,0.02,35.11,0.54,12.97,3,1,2.26,1080p,20.36
2024-01-01 00:14:36,session_039,Bangalore,Web,CDN-C,6.81,0.14,9.83,1.66,15.25,2,1,2.44,720p,16.79
2024-01-01 00:15:06,session_039,Bangalore,Web,CDN-C,7.68,0.23,50.42,0.36,23.7,3,2,1.6,4K,20.84
2024-01-01 00:15:36,session_039,Bangalore,Web,CDN-C,7.48,0.89,51.41,0.3,15.3,5,2,1.89,480p,8.96
2024-01-01 00:16:06,session_039,Bangalore,Web,CDN-C,8.19,0.44,34.98,0.35,11.35,4,2,3.48,1080p,1.44
2024-01-01 00:16:36,session_039,Bangalore,Web,CDN-C,8.26,0.12,37.55,1.16,23.12,7,3,2.31,4K,15.95
2024-01-01 00:17:06,session_039,Bangalore,Web,CDN-C,7.18,0.52,28.65,1.3,24.71,5,4,2.52,480p,18.63
2024-01-01 00:07:48,session_040,Hyderabad,SmartTV,CDN-A,8.18,0.94,55.92,1.34,19.31,0,1,2.11,720p,16.95
2024-01-01 00:08:18,session_040,Hyderabad,SmartTV,CDN-A,8.02,0.36,59.94,0.98,11.2,0,0,1.53,720p,18.76
2024-01-01 00:08:48,session_040,Hyderabad,SmartTV,CDN-A,8.46,0.5,28.66,0.0,21.15,0,0,1.87,4K,6.55
2024-01-01 00:09:18,session_040,Hyderabad,SmartTV,CDN-A,7.12,0.87,35.17,0.51,15.9,0,0,1.3,1080p,18.62
2024-01-01 00:09:48,session_040,Hyderabad,SmartTV,CDN-A,7.46,0.08,32.3,0.4,22.63,0,0,1.61,1080p,16.93
2024-01-01 00:10:18,session_040,Hyderabad,SmartTV,CDN-A,6.55,0.59,38.19,0.83,16.9,1,0,2.16,1080p,16.93
2024-01-01 00:10:48,session_040,Hyderabad,SmartTV,CDN-A,8.37,0.55,0.0,0.48,20.86,2,1,1.83,720p,29.1
2024-01-01 00:11:18,session_040,Hyderabad,SmartTV,CDN-A,8.64,0.99,32.28,0.36,14.38,2,0,1.63,1080p,20.56
2024-01-01 00:11:48,session_040,Hyderabad,SmartTV,CDN-A,7.61,0.64,58.0,0.82,26.43,1,1,2.35,720p,4.02
2024-01-01 00:12:18,session_040,Hyderabad,SmartTV,CDN-A,7.6,0.21,50.16,0.86,9.09,1,1,1.53,1080p,37.11
2024-01-01 00:12:48,session_040,Hyderabad,SmartTV,CDN-A,8.33,0.53,36.79,0.91,26.38,2,1,0.75,720p,16.63
2024-01-01 00:13:18,session_040,Hyderabad,SmartTV,CDN-A,7.54,0.44,41.16,0.64,13.65,3,3,0.86,1080p,35.51
2024-01-01 00:13:48,session_040,Hyderabad,SmartTV,CDN-A,8.04,0.65,57.0,0.01,13.72,1,2,2.23,1080p,15.87
2024-01-01 00:14:18,session_040,Hyderabad,SmartTV,CDN-A,7.82,0.88,42.93,0.22,12.61,2,2,1.88,1080p,17.47
2024-01-01 00:14:48,session_040,Hyderabad,SmartTV,CDN-A,6.61,0.0,59.51,1.12,4.0,4,1,3.71,720p,13.08
2024-01-01 00:15:18,session_040,Hyderabad,SmartTV,CDN-A,6.77,0.34,15.95,0.35,9.85,3,1,1.97,480p,24.87
2024-01-01 00:15:48,session_040,Hyderabad,SmartTV,CDN-A,8.29,0.0,72.43,0.57,20.9,4,2,1.96,720p,21.65
2024-01-01 00:16:18,session_040,Hyderabad,SmartTV,CDN-A,7.34,0.83,51.81,0.0,17.29,5,3,2.38,1080p,7.3
2024-01-01 00:16:48,session_040,Hyderabad,SmartTV,CDN-A,7.49,0.25,56.1,0.04,21.41,6,2,0.94,1080p,3.64
2024-01-01 00:17:18,session_040,Hyderabad,SmartTV,CDN-A,7.65,0.2,35.7,0.0,19.9,4,2,2.33,1080p,12.1
2024-01-01 00:08:00,session_041,Pune,Android,CDN-B,7.97,0.39,29.17,0.67,16.42,0,0,2.73,1080p,25.15
2024-01-01 00:08:30,session_041,Pune,Android,CDN-B,9.67,0.82,80.01,1.0,16.11,0,0,2.32,4K,19.3
2024-01-01 00:09:00,session_041,Pune,Android,CDN-B,7.81,0.35,16.57,0.91,7.72,1,0,2.02,720p,8.07
2024-01-01 00:09:30,session_041,Pune,Android,CDN-B,8.34,0.39,52.43,0.26,26.41,0,0,1.79,480p,30.01
2024-01-01 00:10:00,session_041,Pune,Android,CDN-B,8.8,0.42,50.49,0.0,21.21,2,0,1.04,720p,26.85
2024-01-01 00:10:30,session_041,Pune,Android,CDN-B,8.29,0.42,69.87,1.43,12.56,0,1,2.61,720p,14.82
2024-01-01 00:11:00,session_041,Pune,Android,CDN-B,7.92,0.27,63.42,0.87,25.08,1,0,2.57,1080p,26.06
2024-01-01 00:11:30,session_041,Pune,Android,CDN-B,7.29,0.8,34.72,0.0,17.9,1,1,1.55,1080p,25.73
2024-01-01 00:12:00,session_041,Pune,Android,CDN-B,6.93,0.5,41.84,1.61,27.87,1,0,2.18,720p,20.58
2024-01-01 00:12:30,session_041,Pune,Android,CDN-B,6.16,0.38,55.08,0.84,19.11,4,0,0.81,480p,17.44
2024-01-01 00:13:00,session_041,Pune,Android,CDN-B,6.71,0.44,69.64,0.34,25.14,3,0,1.45,1080p,3.02
2024-01-01 00:13:30,session_041,Pune,Android,CDN-B,8.4,0.46,51.49,1.0,16.09,2,0,2.09,1080p,18.98
2024-01-01 00:14:00,session_041,Pune,Android,CDN-B,6.97,0.45,76.46,1.73,9.44,2,2,1.8,1080p,24.84
2024-01-01 00:14:30,session_041,Pune,Android,CDN-B,7.94,0.56,24.63,0.0,23.62,4,1,1.71,1080p,5.54
2024-01-01 00:15:00,session_041,Pune,Android,CDN-B,7.5,0.24,36.84,0.0,6.78,5,2,2.52,4K,21.21
2024-01-01 00:15:30,session_041,Pune,Android,CDN-B,7.91,0.72,75.94,1.32,26.83,4,2,2.04,1080p,28.08
2024-01-01 00:16:00,session_041,Pune,Android,CDN-B,7.99,0.6,56.35,0.05,14.17,4,1,3.04,4K,18.15
2024-01-01 00:16:30,session_041,Pune,Android,CDN-B,7.95,0.0,21.61,0.0,18.99,4,2,2.17,480p,19.56
2024-01-01 00:17:00,session_041,Pune,Android,CDN-B,7.7,0.56,18.99,0.97,17.95,4,2,2.42,4K,14.27
2024-01-01 00:17:30,session_041,Pune,Android,CDN-B,8.92,0.68,11.02,1.56,20.72,4,3,1.81,1080p,23.72
2024-01-01 00:08:12,session_042,Mumbai,iOS,CDN-C,7.91,0.65,32.03,0.26,22.61,0,0,2.41,1080p,32.53
2024-01-01 00:08:42,session_042,Mumbai,iOS,CDN-C,6.7,0.62,37.09,0.0,20.1,1,0,2.89,720p,13.12
2024-01-01 00:09:12,session_042,Mumbai,iOS,CDN-C,8.36,0.67,52.22,1.14,19.44,0,0,2.36,1080p,34.5
2024-01-01 00:09:42,session_042,Mumbai,iOS,CDN-C,8.84,0.31,53.28,0.0,10.66,0,0,2.24,4K,16.31
2024-01-01 00:10:12,session_042,Mumbai,iOS,CDN-C,6.48,0.29,33.33,0.97,20.05,0,0,1.49,480p,26.78
2024-01-01 00:10:42,session_042,Mumbai,iOS,CDN-C,8.57,0.28,70.9,0.0,23.53,0,0,2.82,720p,24.16
2024-01-01 00:11:12,session_042,Mumbai,iOS,CDN-C,6.83,0.36,46.87,0.62,27.51,2,1,1.98,720p,22.64
2024-01-01 00:11:42,session_042,Mumbai,iOS,CDN-C,9.2,0.29,46.62,0.14,6.71,1,0,1.77,1080p,24.29
2024-01-01 00:12:12,session_042,Mumbai,iOS,CDN-C,8.12,0.95,69.02,0.19,18.71,2,2,3.04,4K,29.51
2024-01-01 00:12:42,session_042,Mumbai,iOS,CDN-C,9.12,0.22,6.59,2.69,18.23,2,1,1.23,720p,13.83
2024-01-01 00:13:12,session_042,Mumbai,iOS,CDN-C,8.42,0.7,53.52,0.0,11.63,2,1,1.93,480p,10.61
2024-01-01 00:13:42,session_042,Mumbai,iOS,CDN-C,8.21,0.51,31.83,1.4,22.73,2,1,1.74,720p,22.8
2024-01-01 00:14:12,session_042,Mumbai,iOS,CDN-C,6.62,0.55,30.55,1.35,21.01,5,1,2.62,1080p,32.26
2024-01-01 00:14:42,session_042,Mumbai,iOS,CDN-C,7.96,0.41,61.54,0.94,20.22,4,3,2.01,720p,11.95
2024-01-01 00:15:12,session_042,Mumbai,iOS,CDN-C,7.81,0.61,48.8,0.66,25.4,2,2,1.96,1080p,16.33
2024-01-01 00:15:42,session_042,Mumbai,iOS,CDN-C,7.52,1.42,21.72,0.0,18.47,5,2,1.09,1080p,24.71
2024-01-01 00:16:12,session_042,Mumbai,iOS,CDN-C,7.33,0.03,37.66,0.0,15.56,3,2,2.77,720p,13.51
2024-01-01 00:16:42,session_042,Mumbai,iOS,CDN-C,7.57,0.94,66.31,1.17,23.46,4,2,2.37,1080p,10.8
2024-01-01 00:17:12,session_042,Mumbai,iOS,CDN-C,6.32,0.56,55.98,0.51,17.52,3,3,3.57,4K,14.95
2024-01-01 00:17:42,session_042,Mumbai,iOS,CDN-C,7.36,0.52,47.87,0.51,30.74,5,3,1.88,4K,20.15
2024-01-01 00:08:24,session_043,Delhi,Web,CDN-A,7.34,0.65,50.03,0.61,21.04,2,0,1.87,1080p,8.09
2024-01-01 00:08:54,session_043,Delhi,Web,CDN-A,8.72,0.82,69.16,0.0,13.5,0,0,1.21,480p,23.67
2024-01-01 00:09:24,session_043,Delhi,Web,CDN-A,8.21,0.63,23.76,0.46,23.04,1,1,2.39,720p,11.7
2024-01-01 00:09:54,session_043,Delhi,Web,CDN-A,7.41,0.34,61.12,0.0,8.97,2,0,1.48,720p,35.84
2024-01-01 00:10:24,session_043,Delhi,Web,CDN-A,8.58,0.21,26.86,0.0,10.16,2,0,2.32,1080p,18.67
2024-01-01 00:10:54,session_043,Delhi,Web,CDN-A,6.84,0.0,42.0,1.86,12.59,3,0,1.85,4K,15.02
2024-01-01 00:11:24,session_043,Delhi,Web,CDN-A,7.94,0.41,63.54,0.0,22.13,5,0,2.43,720p,16.38
2024-01-01 00:11:54,session_043,Delhi,Web,CDN-A,7.27,0.23,51.15,1.33,9.79,1,0,2.31,4K,23.43
2024-01-01 00:12:24,session_043,Delhi,Web,CDN-A,7.77,0.37,11.78,0.2,14.66,2,0,2.4,4K,21.46
2024-01-01 00:12:54,session_043,Delhi,Web,CDN-A,7.48,0.58,30.17,0.19,19.82,1,1,1.35,1080p,28.74
2024-01-01 00:13:24,session_043,Delhi,Web,CDN-A,8.11,0.89,44.72,0.57,11.78,2,2,2.42,1080p,42.59
2024-01-01 00:13:54,session_043,Delhi,Web,CDN-A,7.19,0.93,42.97,1.37,22.92,2,1,0.92,1080p,23.03
2024-01-01 00:14:24,session_043,Delhi,Web,CDN-A,7.21,0.49,64.1,0.0,16.73,3,2,2.18,1080p,20.48
2024-01-01 00:14:54,session_043,Delhi,Web,CDN-A,7.86,0.15,30.53,0.0,25.38,3,2,2.12,480p,24.14
2024-01-01 00:15:24,session_043,Delhi,Web,CDN-A,8.44,0.15,45.29,0.92,15.01,5,1,0.39,1080p,41.85
2024-01-01 00:15:54,session_043,Delhi,Web,CDN-A,7.56,0.32,14.13,0.0,21.48,3,1,1.67,4K,22.14
2024-01-01 00:16:24,session_043,Delhi,Web,CDN-A,7.48,0.51,67.15,0.29,20.59,4,3,2.62,1080p,26.34
2024-01-01 00:16:54,session_043,Delhi,Web,CDN-A,7.94,0.7,49.49,0.98,19.21,3,1,1.86,1080p,32.37
2024-01-01 00:17:24,session_043,Delhi,Web,CDN-A,8.68,0.47,52.0,0.0,15.75,4,2,2.13,480p,35.95
2024-01-01 00:17:54,session_043,Delhi,Web,CDN-A,6.87,0.58,21.97,0.0,19.1,4,3,2.35,480p,19.96
2024-01-01 00:08:36,session_044,Bangalore,SmartTV,CDN-B,6.59,0.79,58.85,2.31,13.23,0,1,2.86,4K,29.96
2024-01-01 00:09:06,session_044,Bangalore,SmartTV,CDN-B,7.64,0.04,25.39,0.59,16.35,0,0,1.27,4K,22.6
2024-01-01 00:09:36,session_044,Bangalore,SmartTV,CDN-B,8.91,0.71,64.72,0.45,22.13,0,0,2.27,720p,11.52
2024-01-01 00:10:06,session_044,Bangalore,SmartTV,CDN-B,9.05,0.58,45.91,0.6,22.88,1,0,2.37,4K,25.89
2024-01-01 00:10:36,session_044,Bangalore,SmartTV,CDN-B,7.96,1.06,62.35,0.16,22.23,1,1,1.32,1080p,22.72
2024-01-01 00:11:06,session_044,Bangalore,SmartTV,CDN-B,8.7,1.0,36.51,1.29,16.79,2,1,1.42,720p,27.16
2024-01-01 00:11:36,session_044,Bangalore,SmartTV,CDN-B,7.85,0.61,38.04,0.97,19.85,0,0,2.01,4K,18.4
2024-01-01 00:12:06,session_044,Bangalore,SmartTV,CDN-B,7.65,0.29,32.62,0.75,21.22,2,1,2.48,480p,27.1
2024-01-01 00:12:36,session_044,Bangalore,SmartTV,CDN-B,7.64,0.67,35.67,0.24,17.99,3,1,1.76,720p,22.12
2024-01-01 00:13:06,session_044,Bangalore,SmartTV,CDN-B,7.56,0.45,46.52,0.48,15.69,2,2,1.41,1080p,13.27
2024-01-01 00:13:36,session_044,Bangalore,SmartTV,CDN-B,7.45,0.4,20.89,0.56,14.54,2,0,1.72,1080p,27.39
2024-01-01 00:14:06,session_044,Bangalore,SmartTV,CDN-B,7.81,0.55,49.83,0.0,16.47,3,1,2.23,1080p,9.25
2024-01-01 00:14:36,session_044,Bangalore,SmartTV,CDN-B,6.56,1.1,33.34,0.35,15.39,3,1,1.77,720p,19.88
2024-01-01 00:15:06,session_044,Bangalore,SmartTV,CDN-B,9.12,0.89,53.4,0.5,14.82,3,1,1.73,720p,23.13
2024-01-01 00:15:36,session_044,Bangalore,SmartTV,CDN-B,9.35,0.36,54.41,0.95,12.62,3,1,1.9,1080p,21.48
2024-01-01 00:16:06,session_044,Bangalore,SmartTV,CDN-B,7.79,0.37,62.83,0.84,23.53,5,2,0.6,4K,34.55
2024-01-01 00:16:36,session_044,Bangalore,SmartTV,CDN-B,6.79,0.46,51.08,0.89,18.69,2,2,2.08,4K,13.6
2024-01-01 00:17:06,session_044,Bangalore,SmartTV,CDN-B,7.0,0.24,61.42,1.07,20.24,4,1,1.23,1080p,25.58
2024-01-01 00:17:36,session_044,Bangalore,SmartTV,CDN-B,9.27,0.44,32.02,0.4,26.15,5,2,2.45,1080p,12.75
2024-01-01 00:18:06,session_044,Bangalore,SmartTV,CDN-B,7.43,0.49,38.9,0.14,10.2,2,3,1.75,720p,17.27
2024-01-01 00:08:48,session_045,Hyderabad,Android,CDN-C,7.46,0.95,62.3,0.0,12.82,0,0,1.98,4K,5.79
2024-01-01 00:09:18,session_045,Hyderabad,Android,CDN-C,7.97,0.49,65.05,0.34,22.09,0,0,2.47,4K,13.18
2024-01-01 00:09:48,session_045,Hyderabad,Android,CDN-C,7.74,0.37,31.16,1.26,13.0,0,0,1.77,480p,19.18
2024-01-01 00:10:18,session_045,Hyderabad,Android,CDN-C,7.63,0.59,36.81,0.74,18.38,0,0,0.83,4K,23.19
2024-01-01 00:10:48,session_045,Hyderabad,Android,CDN-C,7.64,0.35,16.72,0.7,25.14,1,1,1.12,1080p,13.64
2024-01-01 00:11:18,session_045,Hyderabad,Android,CDN-C,6.69,0.87,50.22,0.14,21.31,1,1,1.97,1080p,29.6
2024-01-01 00:11:48,session_045,Hyderabad,Android,CDN-C,6.75,0.4,24.73,1.32,26.83,0,1,1.98,1080p,3.82
2024-01-01 00:12:18,session_045,Hyderabad,Android,CDN-C,7.02,0.67,50.18,1.83,22.7,1,2,1.86,480p,22.23
2024-01-01 00:12:48,session_045,Hyderabad,Android,CDN-C,8.09,0.63,15.57,0.84,22.97,1,0,2.0,720p,19.25
2024-01-01 00:13:18,session_045,Hyderabad,Android,CDN-C,6.99,1.05,61.21,0.03,22.92,2,0,2.28,720p,6.7
2024-01-01 00:13:48,session_045,Hyderabad,Android,CDN-C,7.38,0.52,34.85,1.04,12.77,1,1,2.53,720p,23.75
2024-01-01 00:14:18,session_045,Hyderabad,Android,CDN-C,7.29,0.46,41.3,0.89,20.74,0,1,1.16,1080p,31.03
2024-01-01 00:14:48,session_045,Hyderabad,Android,CDN-C,7.73,0.35,55.52,0.0,18.84,2,2,2.11,1080p,7.77
2024-01-01 00:15:18,session_045,Hyderabad,Android,CDN-C,8.49,0.0,79.29,0.7,22.42,4,2,2.28,720p,28.61
2024-01-01 00:15:48,session_045,Hyderabad,Android,CDN-C,6.81,0.92,51.38,1.12,20.38,2,1,2.46,1080p,29.96
2024-01-01 00:16:18,session_045,Hyderabad,Android,CDN-C,7.82,0.42,19.78,0.0,24.95,4,2,1.94,1080p,0.0
2024-01-01 00:16:48,session_045,Hyderabad,Android,CDN-C,6.17,0.35,50.88,0.8,23.95,4,2,1.14,1080p,24.41
2024-01-01 00:17:18,session_045,Hyderabad,Android,CDN-C,7.36,0.45,29.51,0.65,19.26,5,1,2.36,480p,26.26
2024-01-01 00:17:48,session_045,Hyderabad,Android,CDN-C,6.78,0.15,37.53,0.0,24.7,4,3,1.57,1080p,25.08
2024-01-01 00:18:18,session_045,Hyderabad,Android,CDN-C,7.91,0.13,50.19,0.09,19.5,3,1,2.46,480p,26.31
2024-01-01 00:09:00,session_046,Pune,iOS,CDN-A,6.66,1.04,36.19,1.34,5.54,0,0,1.82,1080p,24.82
2024-01-01 00:09:30,session_046,Pune,iOS,CDN-A,7.83,0.08,69.43,0.33,19.14,0,0,1.59,720p,19.82
2024-01-01 00:10:00,session_046,Pune,iOS,CDN-A,5.31,0.0,7.89,0.07,2.93,0,0,1.36,480p,14.98
2024-01-01 00:10:30,session_046,Pune,iOS,CDN-A,7.42,0.93,19.47,0.84,16.54,0,1,2.32,720p,13.57
2024-01-01 00:11:00,session_046,Pune,iOS,CDN-A,8.76,0.72,34.36,0.07,8.91,2,1,1.75,480p,29.96
2024-01-01 00:11:30,session_046,Pune,iOS,CDN-A,7.33,0.49,54.42,0.86,10.66,0,0,2.0,1080p,20.62
2024-01-01 00:12:00,session_046,Pune,iOS,CDN-A,8.3,0.81,60.25,0.0,21.57,2,1,1.6,720p,29.81
2024-01-01 00:12:30,session_046,Pune,iOS,CDN-A,8.9,0.94,64.08,2.39,5.98,2,0,2.47,4K,14.56
2024-01-01 00:13:00,session_046,Pune,iOS,CDN-A,8.41,0.3,36.38,1.32,16.9,2,1,2.13,1080p,23.4
2024-01-01 00:13:30,session_046,Pune,iOS,CDN-A,7.87,0.51,44.18,0.7,7.41,2,1,2.16,720p,10.65
2024-01-01 00:14:00,session_046,Pune,iOS,CDN-A,7.31,0.74,41.78,0.37,12.72,0,0,1.02,4K,27.26
2024-01-01 00:14:30,session_046,Pune,iOS,CDN-A,8.88,0.34,93.01,0.46,19.72,1,1,0.89,1080p,25.0
2024-01-01 00:15:00,session_046,Pune,iOS,CDN-A,7.32,0.3,40.62,2.17,24.81,4,2,2.79,720p,18.08
2024-01-01 00:15:30,session_046,Pune,iOS,CDN-A,7.42,0.78,33.86,1.33,12.07,4,2,2.01,4K,18.48
2024-01-01 00:16:00,session_046,Pune,iOS,CDN-A,7.4,0.11,30.74,0.0,23.11,3,3,2.88,720p,11.42
2024-01-01 00:16:30,session_046,Pune,iOS,CDN-A,7.36,0.58,36.82,0.59,14.59,4,2,2.48,720p,19.5
2024-01-01 00:17:00,session_046,Pune,iOS,CDN-A,6.51,0.7,62.13,0.0,28.52,3,4,3.01,720p,27.29
2024-01-01 00:17:30,session_046,Pune,iOS,CDN-A,7.83,0.82,57.37,0.98,12.33,5,2,1.7,720p,13.21
2024-01-01 00:18:00,session_046,Pune,iOS,CDN-A,7.35,0.82,27.15,0.0,14.37,5,3,1.22,1080p,16.35
2024-01-01 00:18:30,session_046,Pune,iOS,CDN-A,7.76,0.51,29.24,0.69,24.96,6,3,2.09,1080p,26.6
2024-01-01 00:09:12,session_047,Mumbai,Web,CDN-B,7.92,0.41,61.3,0.0,9.75,0,0,1.33,1080p,22.9
2024-01-01 00:09:42,session_047,Mumbai,Web,CDN-B,8.99,0.0,37.89,0.82,22.7,1,0,1.98,1080p,22.66
2024-01-01 00:10:12,session_047,Mumbai,Web,CDN-B,7.18,0.26,88.25,0.63,11.08,0,0,1.0,720p,14.25
2024-01-01 00:10:42,session_047,Mumbai,Web,CDN-B,7.73,0.42,32.52,0.64,16.24,0,0,2.61,720p,18.81
2024-01-01 00:11:12,session_047,Mumbai,Web,CDN-B,8.15,0.08,18.33,0.02,22.22,0,0,1.81,4K,14.66
2024-01-01 00:11:42,session_047,Mumbai,Web,CDN-B,8.25,0.65,41.81,0.0,17.32,0,1,3.66,720p,19.73
2024-01-01 00:12:12,session_047,Mumbai,Web,CDN-B,8.34,0.85,45.03,0.8,21.79,1,0,0.7,720p,25.5
2024-01-01 00:12:42,session_047,Mumbai,Web,CDN-B,6.97,0.01,76.3,0.14,20.83,1,1,1.63,1080p,12.49
2024-01-01 00:13:12,session_047,Mumbai,Web,CDN-B,7.77,0.17,54.56,0.0,16.09,1,0,0.68,1080p,35.86
2024-01-01 00:13:42,session_047,Mumbai,Web,CDN-B,8.56,0.06,52.98,0.0,22.25,3,0,1.29,1080p,14.94
2024-01-01 00:14:12,session_047,Mumbai,Web,CDN-B,8.28,1.02,30.61,1.95,25.63,2,0,1.5,480p,25.35
2024-01-01 00:14:42,session_047,Mumbai,Web,CDN-B,6.84,0.69,57.43,0.59,12.9,3,1,1.79,480p,13.74
2024-01-01 00:15:12,session_047,Mumbai,Web,CDN-B,8.17,0.85,52.71,1.54,10.63,4,2,1.51,1080p,12.32
2024-01-01 00:15:42,session_047,Mumbai,Web,CDN-B,9.59,0.72,9.8,0.38,24.15,4,2,1.11,480p,19.64
2024-01-01 00:16:12,session_047,Mumbai,Web,CDN-B,6.55,0.4,78.25,1.33,17.36,3,2,1.16,720p,11.25
2024-01-01 00:16:42,session_047,Mumbai,Web,CDN-B,7.21,0.34,33.45,0.36,25.37,3,1,2.66,480p,7.14
2024-01-01 00:17:12,session_047,Mumbai,Web,CDN-B,7.4,0.48,66.91,1.23,12.08,2,1,1.71,720p,21.02
2024-01-01 00:17:42,session_047,Mumbai,Web,CDN-B,10.1,0.58,44.37,1.34,26.5,4,2,3.44,1080p,21.19
2024-01-01 00:18:12,session_047,Mumbai,Web,CDN-B,6.42,0.65,56.04,0.0,23.34,5,3,2.05,1080p,20.57
2024-01-01 00:18:42,session_047,Mumbai,Web,CDN-B,7.03,0.66,49.92,0.2,26.18,5,4,1.79,480p,10.29
2024-01-01 00:09:24,session_048,Delhi,SmartTV,CDN-C,7.04,0.07,73.9,0.41,21.6,0,0,2.29,1080p,19.27
2024-01-01 00:09:54,session_048,Delhi,SmartTV,CDN-C,6.86,0.55,45.77,0.37,12.26,0,0,1.71,720p,26.08
2024-01-01 00:10:24,session_048,Delhi,SmartTV,CDN-C,7.63,0.6,32.67,1.77,12.96,0,0,1.82,720p,22.89
2024-01-01 00:10:54,session_048,Delhi,SmartTV,CDN-C,7.9,0.13,33.78,0.0,18.75,0,0,0.94,1080p,26.92
2024-01-01 00:11:24,session_048,Delhi,SmartTV,CDN-C,8.65,0.17,49.61,1.36,21.68,0,0,1.62,4K,18.27
2024-01-01 00:11:54,session_048,Delhi,SmartTV,CDN-C,8.16,0.28,33.67,0.0,16.69,1,1,1.74,1080p,26.16
2024-01-01 00:12:24,session_048,Delhi,SmartTV,CDN-C,7.13,0.77,72.66,1.48,19.94,1,0,2.03,720p,20.51
2024-01-01 00:12:54,session_048,Delhi,SmartTV,CDN-C,8.2,0.41,70.71,0.0,15.82,0,1,2.1,1080p,15.82
2024-01-01 00:13:24,session_048,Delhi,SmartTV,CDN-C,7.33,0.67,30.8,0.76,17.49,3,2,1.66,720p,28.22
2024-01-01 00:13:54,session_048,Delhi,SmartTV,CDN-C,7.95,0.37,30.71,0.0,27.44,1,0,2.33,720p,35.33
2024-01-01 00:14:24,session_048,Delhi,SmartTV,CDN-C,7.12,1.0,47.04,0.21,20.99,5,1,2.45,480p,22.21
2024-01-01 00:14:54,session_048,Delhi,SmartTV,CDN-C,8.27,0.94,50.62,0.0,31.78,3,1,2.92,4K,16.78
2024-01-01 00:15:24,session_048,Delhi,SmartTV,CDN-C,7.93,0.55,47.98,0.43,17.82,3,1,2.21,1080p,23.42
2024-01-01 00:15:54,session_048,Delhi,SmartTV,CDN-C,7.67,0.78,45.02,0.67,21.91,4,2,2.83,1080p,12.14
2024-01-01 00:16:24,session_048,Delhi,SmartTV,CDN-C,7.71,0.0,35.62,0.88,18.08,4,2,0.56,4K,27.02
2024-01-01 00:16:54,session_048,Delhi,SmartTV,CDN-C,7.34,0.6,55.6,0.63,21.37,5,2,2.19,1080p,11.62
2024-01-01 00:17:24,session_048,Delhi,SmartTV,CDN-C,7.13,0.1,42.23,1.6,13.15,4,2,1.85,1080p,17.92
2024-01-01 00:17:54,session_048,Delhi,SmartTV,CDN-C,7.36,0.7,45.41,0.29,22.34,5,2,2.23,720p,17.53
2024-01-01 00:18:24,session_048,Delhi,SmartTV,CDN-C,7.46,0.58,25.46,1.27,6.51,4,1,2.09,1080p,15.89
2024-01-01 00:18:54,session_048,Delhi,SmartTV,CDN-C,7.14,0.31,37.17,0.78,12.91,6,3,0.83,480p,23.82
2024-01-01 00:09:36,session_049,Bangalore,Android,CDN-A,8.08,0.7,26.91,0.0,25.5,1,0,1.71,1080p,31.26
2024-01-01 00:10:06,session_049,Bangalore,Android,CDN-A,7.41,0.3,52.96,0.18,18.65,0,0,2.89,720p,28.06
2024-01-01 00:10:36,session_049,Bangalore,Android,CDN-A,6.37,1.23,67.88,1.36,12.98,0,0,2.06,4K,23.45
2024-01-01 00:11:06,session_049,Bangalore,Android,CDN-A,8.57,0.69,43.42,0.81,8.17,1,0,2.27,720p,6.02
2024-01-01 00:11:36,session_049,Bangalore,Android,CDN-A,6.32,0.48,47.7,0.53,7.66,0,1,1.99,720p,27.27
2024-01-01 00:12:06,session_049,Bangalore,Android,CDN-A,8.58,0.93,40.43,0.0,31.1,1,0,1.19,720p,5.96
2024-01-01 00:12:36,session_049,Bangalore,Android,CDN-A,7.38,0.94,45.41,0.0,19.96,0,1,2.34,720p,16.17
2024-01-01 00:13:06,session_049,Bangalore,Android,CDN-A,7.0,0.82,43.33,0.0,16.89,1,1,2.46,1080p,4.33
2024-01-01 00:13:36,session_049,Bangalore,Android,CDN-A,7.74,0.21,37.6,2.15,14.83,2,0,1.63,1080p,12.58
2024-01-01 00:14:06,session_049,Bangalore,Android,CDN-A,9.21,0.65,56.48,0.21,16.58,4,1,1.7,1080p,24.86
2024-01-01 00:14:36,session_049,Bangalore,Android,CDN-A,8.02,0.69,42.29,0.0,10.17,2,1,0.74,480p,33.0
2024-01-01 00:15:06,session_049,Bangalore,Android,CDN-A,7.0,0.26,38.07,0.27,16.21,4,1,2.99,1080p,7.61
2024-01-01 00:15:36,session_049,Bangalore,Android,CDN-A,7.42,0.78,59.84,0.0,19.38,3,1,1.43,720p,19.2
2024-01-01 00:16:06,session_049,Bangalore,Android,CDN-A,8.2,1.08,47.79,0.75,10.58,2,1,2.11,720p,28.8
2024-01-01 00:16:36,session_049,Bangalore,Android,CDN-A,6.3,0.49,40.82,1.41,22.83,3,1,2.53,4K,17.66
2024-01-01 00:17:06,session_049,Bangalore,Android,CDN-A,8.23,0.48,39.75,0.67,28.98,4,2,2.52,4K,15.73
2024-01-01 00:17:36,session_049,Bangalore,Android,CDN-A,7.54,0.43,42.21,0.0,22.56,3,3,1.14,720p,9.96
2024-01-01 00:18:06,session_049,Bangalore,Android,CDN-A,7.63,0.54,51.05,0.31,25.07,5,2,2.21,720p,31.15
2024-01-01 00:18:36,session_049,Bangalore,Android,CDN-A,8.08,0.41,21.07,0.7,20.02,3,2,2.0,720p,23.02
2024-01-01 00:19:06,session_049,Bangalore,Android,CDN-A,8.04,0.31,29.74,0.33,24.81,4,1,1.09,1080p,21.07
2024-01-01 00:09:48,session_050,Hyderabad,iOS,CDN-B,9.03,0.52,44.64,1.69,14.05,0,0,2.54,1080p,28.69
2024-01-01 00:10:18,session_050,Hyderabad,iOS,CDN-B,9.18,0.54,86.76,1.37,17.72,0,0,2.07,4K,17.79
2024-01-01 00:10:48,session_050,Hyderabad,iOS,CDN-B,8.38,0.77,40.23,1.0,4.52,1,0,1.46,1080p,18.47
2024-01-01 00:11:18,session_050,Hyderabad,iOS,CDN-B,6.63,0.29,49.43,1.19,17.63,1,0,1.57,720p,22.46
2024-01-01 00:11:48,session_050,Hyderabad,iOS,CDN-B,8.28,0.51,29.17,1.03,16.41,1,0,1.37,480p,8.34
2024-01-01 00:12:18,session_050,Hyderabad,iOS,CDN-B,6.55,0.0,40.5,0.98,17.69,2,0,1.84,1080p,15.54
2024-01-01 00:12:48,session_050,Hyderabad,iOS,CDN-B,9.58,0.27,37.15,0.0,16.59,2,0,1.78,720p,31.72
2024-01-01 00:13:18,session_050,Hyderabad,iOS,CDN-B,8.45,0.12,59.01,0.91,9.67,2,0,1.99,720p,25.08
2024-01-01 00:13:48,session_050,Hyderabad,iOS,CDN-B,8.03,0.56,55.37,2.0,20.28,1,1,1.83,1080p,37.78
2024-01-01 00:14:18,session_050,Hyderabad,iOS,CDN-B,8.23,0.0,54.55,0.5,12.48,1,2,2.2,4K,22.05
2024-01-01 00:14:48,session_050,Hyderabad,iOS,CDN-B,5.58,1.22,60.18,1.07,12.99,5,1,1.59,4K,32.47
2024-01-01 00:15:18,session_050,Hyderabad,iOS,CDN-B,7.14,0.51,57.28,0.0,16.02,2,1,1.6,1080p,19.98
2024-01-01 00:15:48,session_050,Hyderabad,iOS,CDN-B,8.7,0.38,30.48,1.43,22.95,3,2,2.06,1080p,9.76
2024-01-01 00:16:18,session_050,Hyderabad,iOS,CDN-B,6.36,0.27,58.04,0.89,15.02,2,2,2.31,720p,5.37
2024-01-01 00:16:48,session_050,Hyderabad,iOS,CDN-B,9.15,0.24,41.7,0.82,19.74,3,2,2.49,720p,14.72
2024-01-01 00:17:18,session_050,Hyderabad,iOS,CDN-B,7.15,1.08,28.18,0.44,22.33,3,2,1.72,1080p,23.85
2024-01-01 00:17:48,session_050,Hyderabad,iOS,CDN-B,9.56,0.24,47.53,1.02,16.29,3,3,2.24,1080p,26.66
2024-01-01 00:18:18,session_050,Hyderabad,iOS,CDN-B,7.41,0.84,40.37,1.62,13.15,3,2,2.69,1080p,22.16
2024-01-01 00:18:48,session_050,Hyderabad,iOS,CDN-B,9.55,0.92,32.33,1.35,20.3,5,3,2.36,480p,13.77
2024-01-01 00:19:18,session_050,Hyderabad,iOS,CDN-B,6.56,1.23,73.9,0.91,16.96,5,2,2.72,1080p,11.76
